_id,name,url,crawled_at,in_stock,price,brand,mpn,gtin13,currency,breadcrumbs,images,epid,raw_product_description,product_descrition,source
92a8fe90-d8b2-5376-9aa3-1eb5e7c3c0d4,"Raa1006y Spinner 2 Blade Yellow 69mm/2.75"" Ractive",https://www.ebay.co.uk/p/2028885141,"08/01/2021, 23:31:46",True,1.84,Ractive,,5055426740295,GBP,eBay ~ Toys & Games ~ Radio Control & RC Toys ~ RC Model Vehicle Parts & Accs ~ Body Parts & Interior ~ Aeroplanes,https://i.ebayimg.com/images/g/9sgAAOSwx1ReQZjF/s-l640.jpg ~ https://i.ebayimg.com/images/g/DhIAAOSwlyVeREb3/s-l64.jpg,2028885141,"<section class=""product-spectification""><div class=""spec-row""><h2><!--F#f_3--><!--F#2-->Product Identifiers<!--F/--><!--F/--></h2><ul><li class><div class=""s-name""><!--F#f_3--><!--F#2-->Brand<!--F/--><!--F/--></div><div class=""s-value""><!--F#f_3--><!--F#2-->Ractive<!--F/--><!--F/--></div></li><li class><div class=""s-name""><!--F#f_3--><!--F#2-->GTIN<!--F/--><!--F/--></div><div class=""s-value""><!--F#f_3--><!--F#2-->5055426740295<!--F/--><!--F/--></div></li><li class><div class=""s-name""><!--F#f_3--><!--F#2-->UPC<!--F/--><!--F/--></div><div class=""s-value""><!--F#f_3--><!--F#2-->5055426740295<!--F/--><!--F/--></div></li><li class><div class=""s-name""><!--F#f_3--><!--F#2-->eBay Product ID (ePID)<!--F/--><!--F/--></div><div class=""s-value""><!--F#f_3--><!--F#2-->2028885141<!--F/--><!--F/--></div></li></ul></div><div class=""spec-row""><h2><!--F#f_3--><!--F#2-->Product Key Features<!--F/--><!--F/--></h2><ul><li class><div class=""s-name""><!--F#f_3--><!--F#2-->Colour<!--F/--><!--F/--></div><div class=""s-value""><!--F#f_3--><!--F#2-->Yellow<!--F/--><!--F/--></div></li><li class><div class=""s-name""><!--F#f_3--><!--F#2-->Type<!--F/--><!--F/--></div><div class=""s-value""><!--F#f_3--><!--F#2-->Spinners<!--F/--><!--F/--></div></li></ul></div></section>",Product IdentifiersBrandRactiveGTIN5055426740295UPC5055426740295eBay Product ID (ePID)2028885141Product Key FeaturesColourYellowTypeSpinners,https://www.ebay.co.uk/
77a726b4-4713-544e-a0b2-e2ac62d81c72,Samsung Galaxy Tab 3 Battery T4000E 4000 mAh,https://www.ebay.co.uk/p/2029324220,"08/01/2021, 23:31:46",True,7.45,Samsung,T4000E,5053021013813,GBP,eBay ~ Mobile Phones & Communication ~ Mobile Phone Accessories ~ Batteries,https://i.ebayimg.com/images/g/y84AAOSwD55cyTsV/s-l640.jpg,2029324220,"<section class=""product-spectification""><div class=""spec-row""><h2><!--F#f_3--><!--F#2-->Product Identifiers<!--F/--><!--F/--></h2><ul><li class><div class=""s-name""><!--F#f_3--><!--F#2-->Brand<!--F/--><!--F/--></div><div class=""s-value""><!--F#f_3--><!--F#2-->Samsung<!--F/--><!--F/--></div></li><li class><div class=""s-name""><!--F#f_3--><!--F#2-->MPN<!--F/--><!--F/--></div><div class=""s-value""><!--F#f_3--><!--F#2-->T4000E<!--F/--><!--F/--></div></li><li class><div class=""s-name""><!--F#f_3--><!--F#2-->GTIN<!--F/--><!--F/--></div><div class=""s-value""><!--F#f_3--><!--F#2-->5712505616048, 5055696143239, 5053021013813<!--F/--><!--F/--></div></li><li class><div class=""s-name""><!--F#f_3--><!--F#2-->UPC<!--F/--><!--F/--></div><div class=""s-value""><!--F#f_3--><!--F#2-->5712505616048, 5055696143239, 5053021013813<!--F/--><!--F/--></div></li><li class><div class=""s-name""><!--F#f_3--><!--F#2-->eBay Product ID (ePID)<!--F/--><!--F/--></div><div class=""s-value""><!--F#f_3--><!--F#2-->2029324220<!--F/--><!--F/--></div></li></ul></div><div class=""spec-row""><h2><!--F#f_3--><!--F#2-->Product Key Features<!--F/--><!--F/--></h2><ul><li class><div class=""s-name""><!--F#f_3--><!--F#2-->Compatible Brand<!--F/--><!--F/--></div><div class=""s-value""><!--F#f_3--><!--F#2-->For Samsung<!--F/--><!--F/--></div></li><li class><div class=""s-name""><!--F#f_3--><!--F#2-->Item Depth<!--F/--><!--F/--></div><div class=""s-value""><!--F#f_3--><!--F#2-->Galaxy Tab 3<!--F/--><!--F/--></div></li><li class><div class=""s-name""><!--F#f_3--><!--F#2-->Design/Finish<!--F/--><!--F/--></div><div class=""s-value""><!--F#f_3--><!--F#2-->Matt, Glossy<!--F/--><!--F/--></div></li><li class><div class=""s-name""><!--F#f_3--><!--F#2-->Connectivity<!--F/--><!--F/--></div><div class=""s-value""><!--F#f_3--><!--F#2-->Wired/Phone Antenna Port<!--F/--><!--F/--></div></li><li class><div class=""s-name""><!--F#f_3--><!--F#2-->Colour<!--F/--><!--F/--></div><div class=""s-value""><!--F#f_3--><!--F#2-->White<!--F/--><!--F/--></div></li><li class><div class=""s-name""><!--F#f_3--><!--F#2-->Number of Ports<!--F/--><!--F/--></div><div class=""s-value""><!--F#f_3--><!--F#2-->1<!--F/--><!--F/--></div></li><li class><div class=""s-name""><!--F#f_3--><!--F#2-->Features<!--F/--><!--F/--></div><div class=""s-value""><!--F#f_3--><!--F#2-->OEM<!--F/--><!--F/--></div></li></ul></div><div class=""spec-row""><h2><!--F#f_3--><!--F#2-->Dimensions<!--F/--><!--F/--></h2><ul><li class><div class=""s-name""><!--F#f_3--><!--F#2-->Item Weight<!--F/--><!--F/--></div><div class=""s-value""><!--F#f_3--><!--F#2-->50 g<!--F/--><!--F/--></div></li></ul></div></section>","Product IdentifiersBrandSamsungMPNT4000EGTIN5712505616048, 5055696143239, 5053021013813UPC5712505616048, 5055696143239, 5053021013813eBay Product ID (ePID)2029324220Product Key FeaturesCompatible BrandFor SamsungItem DepthGalaxy Tab 3Design/FinishMatt, GlossyConnectivityWired/Phone Antenna PortColourWhiteNumber of Ports1FeaturesOEMDimensionsItem Weight50 g",https://www.ebay.co.uk/
9d5777e3-c60f-549e-bfe3-00a7e9975cb5,4p Copper Crystal Binding Post for Speaker Amplifier 4mm Banana Plug Connector,https://www.ebay.co.uk/p/2048768540,"08/01/2021, 23:31:47",True,10.03,Areyourshop,I002A0134PCS,,GBP,"eBay ~ Business, Office & Industrial ~ Electrical Equipment & Supplies ~ Wire, Cable & Conduit ~ Wire Connectors & Terminal Blocks ~ Wire & Cable Connectors",https://i.ebayimg.com/images/g/K6AAAOSwq39fjk~D/s-l640.jpg ~ https://i.ebayimg.com/images/g/GpMAAOSwbFdfjk~E/s-l640.jpg ~ https://i.ebayimg.com/images/g/FO4AAOSwiChfjk~F/s-l640.jpg,2048768540,"<section class=""product-spectification""><div class=""spec-row""><h2><!--F#f_3--><!--F#2-->Product Identifiers<!--F/--><!--F/--></h2><ul><li class><div class=""s-name""><!--F#f_3--><!--F#2-->Brand<!--F/--><!--F/--></div><div class=""s-value""><!--F#f_3--><!--F#2-->Areyourshop<!--F/--><!--F/--></div></li><li class><div class=""s-name""><!--F#f_3--><!--F#2-->MPN<!--F/--><!--F/--></div><div class=""s-value""><!--F#f_3--><!--F#2-->I002A0134PCS<!--F/--><!--F/--></div></li><li class><div class=""s-name""><!--F#f_3--><!--F#2-->eBay Product ID (ePID)<!--F/--><!--F/--></div><div class=""s-value""><!--F#f_3--><!--F#2-->2048768540<!--F/--><!--F/--></div></li></ul></div><div class=""spec-row""><h2><!--F#f_3--><!--F#2-->Product Key Features<!--F/--><!--F/--></h2><ul><li class><div class=""s-name""><!--F#f_3--><!--F#2-->Colour<!--F/--><!--F/--></div><div class=""s-value""><!--F#f_3--><!--F#2-->Red<!--F/--><!--F/--></div></li><li class><div class=""s-name""><!--F#f_3--><!--F#2-->Material<!--F/--><!--F/--></div><div class=""s-value""><!--F#f_3--><!--F#2-->Copper<!--F/--><!--F/--></div></li><li class><div class=""s-name""><!--F#f_3--><!--F#2-->Type<!--F/--><!--F/--></div><div class=""s-value""><!--F#f_3--><!--F#2-->Banana Connector<!--F/--><!--F/--></div></li><li class><div class=""s-name""><!--F#f_3--><!--F#2-->Connector Style<!--F/--><!--F/--></div><div class=""s-value""><!--F#f_3--><!--F#2-->Binding Post<!--F/--><!--F/--></div></li></ul></div></section>",Product IdentifiersBrandAreyourshopMPNI002A0134PCSeBay Product ID (ePID)2048768540Product Key FeaturesColourRedMaterialCopperTypeBanana ConnectorConnector StyleBinding Post,https://www.ebay.co.uk/
ddef8aaf-4390-5fe3-8dc6-2776f594398a,Hankook 2020363,https://www.ebay.co.uk/p/2036073072,"08/01/2021, 23:31:47",True,77.1,Hankook,2020363,8808563386928,GBP,"eBay ~ Vehicle Parts & Accessories ~ Car Wheels, Tyres & Trims ~ Tyres",,2036073072,"<section class=""product-spectification""><div class=""spec-row""><h2><!--F#f_3--><!--F#2-->Product Identifiers<!--F/--><!--F/--></h2><ul><li class><div class=""s-name""><!--F#f_3--><!--F#2-->Brand<!--F/--><!--F/--></div><div class=""s-value""><!--F#f_3--><!--F#2-->Hankook<!--F/--><!--F/--></div></li><li class><div class=""s-name""><!--F#f_3--><!--F#2-->MPN<!--F/--><!--F/--></div><div class=""s-value""><!--F#f_3--><!--F#2-->2020363<!--F/--><!--F/--></div></li><li class><div class=""s-name""><!--F#f_3--><!--F#2-->GTIN<!--F/--><!--F/--></div><div class=""s-value""><!--F#f_3--><!--F#2-->8808563386928<!--F/--><!--F/--></div></li><li class><div class=""s-name""><!--F#f_3--><!--F#2-->UPC<!--F/--><!--F/--></div><div class=""s-value""><!--F#f_3--><!--F#2-->8808563386928<!--F/--><!--F/--></div></li><li class><div class=""s-name""><!--F#f_3--><!--F#2-->eBay Product ID (ePID)<!--F/--><!--F/--></div><div class=""s-value""><!--F#f_3--><!--F#2-->2036073072<!--F/--><!--F/--></div></li></ul></div><div class=""spec-row""><h2><!--F#f_3--><!--F#2-->Product Key Features<!--F/--><!--F/--></h2><ul><li class><div class=""s-name""><!--F#f_3--><!--F#2-->Speed Rating<!--F/--><!--F/--></div><div class=""s-value""><!--F#f_3--><!--F#2-->S: max 112 mph<!--F/--><!--F/--></div></li><li class><div class=""s-name""><!--F#f_3--><!--F#2-->Load Index<!--F/--><!--F/--></div><div class=""s-value""><!--F#f_3--><!--F#2-->112<!--F/--><!--F/--></div></li><li class><div class=""s-name""><!--F#f_3--><!--F#2-->Tyre Width<!--F/--><!--F/--></div><div class=""s-value""><!--F#f_3--><!--F#2-->225<!--F/--><!--F/--></div></li><li class><div class=""s-name""><!--F#f_3--><!--F#2-->Fitting Included<!--F/--><!--F/--></div><div class=""s-value""><!--F#f_3--><!--F#2-->No<!--F/--><!--F/--></div></li><li class><div class=""s-name""><!--F#f_3--><!--F#2-->Wet grip performance (A-G)<!--F/--><!--F/--></div><div class=""s-value""><!--F#f_3--><!--F#2-->C<!--F/--><!--F/--></div></li><li class><div class=""s-name""><!--F#f_3--><!--F#2-->Rim Diameter<!--F/--><!--F/--></div><div class=""s-value""><!--F#f_3--><!--F#2-->15<!--F/--><!--F/--></div></li><li class><div class=""s-name""><!--F#f_3--><!--F#2-->Aspect Ratio<!--F/--><!--F/--></div><div class=""s-value""><!--F#f_3--><!--F#2-->70<!--F/--><!--F/--></div></li><li class><div class=""s-name""><!--F#f_3--><!--F#2-->Tyre fuel efficiency (A-G)<!--F/--><!--F/--></div><div class=""s-value""><!--F#f_3--><!--F#2-->E<!--F/--><!--F/--></div></li><li class><div class=""s-name""><!--F#f_3--><!--F#2-->External rolling noise (dB; class)<!--F/--><!--F/--></div><div class=""s-value""><!--F#f_3--><!--F#2-->70<!--F/--><!--F/--></div></li><li class><div class=""s-name""><!--F#f_3--><!--F#2-->Type<!--F/--><!--F/--></div><div class=""s-value""><!--F#f_3--><!--F#2-->Summer<!--F/--><!--F/--></div></li><li class><div class=""s-name""><!--F#f_3--><!--F#2-->Model<!--F/--><!--F/--></div><div class=""s-value""><!--F#f_3--><!--F#2-->VANTRA LT RA18<!--F/--><!--F/--></div></li></ul></div><div class=""spec-row""><h2><!--F#f_3--><!--F#2-->Dimensions<!--F/--><!--F/--></h2><ul><li class><div class=""s-name""><!--F#f_3--><!--F#2-->Weight<!--F/--><!--F/--></div><div class=""s-value""><!--F#f_3--><!--F#2-->14 Kg<!--F/--><!--F/--></div></li></ul></div></section>",Product IdentifiersBrandHankookMPN2020363GTIN8808563386928UPC8808563386928eBay Product ID (ePID)2036073072Product Key FeaturesSpeed RatingS: max 112 mphLoad Index112Tyre Width225Fitting IncludedNoWet grip performance (A-G)CRim Diameter15Aspect Ratio70Tyre fuel efficiency (A-G)EExternal rolling noise (dB; class)70TypeSummerModelVANTRA LT RA18DimensionsWeight14 Kg,https://www.ebay.co.uk/
976c7c30-dd05-50c9-9c1e-c45fccfe82cd,Groov-e Kissing Face Headphones Stereo Gvemj24 Earmoji's Earphones Earbuds,https://www.ebay.co.uk/p/2056151289,"08/01/2021, 23:31:47",True,8.81,Groove,GVEMJ14,5060108294102,GBP,eBay ~ Sound & Vision ~ Portable Audio & Headphones ~ Headphones,https://i.ebayimg.com/images/g/ZSAAAOSwc2FaO8fl/s-l640.jpg ~ https://i.ebayimg.com/images/g/cMYAAOSw7q5d0zU1/s-l64.jpg ~ https://i.ebayimg.com/images/g/ue0AAOSwIWBd0zU1/s-l64.jpg ~ https://i.ebayimg.com/images/g/DXgAAOSwkYld0zU2/s-l64.jpg,2056151289,"<section class=""product-spectification""><div class=""spec-row""><h2><!--F#f_3--><!--F#2-->Product Identifiers<!--F/--><!--F/--></h2><ul><li class><div class=""s-name""><!--F#f_3--><!--F#2-->Brand<!--F/--><!--F/--></div><div class=""s-value""><!--F#f_3--><!--F#2-->Groove<!--F/--><!--F/--></div></li><li class><div class=""s-name""><!--F#f_3--><!--F#2-->MPN<!--F/--><!--F/--></div><div class=""s-value""><!--F#f_3--><!--F#2-->GVEMJ14<!--F/--><!--F/--></div></li><li class><div class=""s-name""><!--F#f_3--><!--F#2-->GTIN<!--F/--><!--F/--></div><div class=""s-value""><!--F#f_3--><!--F#2-->5060108294102<!--F/--><!--F/--></div></li><li class><div class=""s-name""><!--F#f_3--><!--F#2-->UPC<!--F/--><!--F/--></div><div class=""s-value""><!--F#f_3--><!--F#2-->5060108294102<!--F/--><!--F/--></div></li><li class><div class=""s-name""><!--F#f_3--><!--F#2-->eBay Product ID (ePID)<!--F/--><!--F/--></div><div class=""s-value""><!--F#f_3--><!--F#2-->2056151289<!--F/--><!--F/--></div></li></ul></div><div class=""spec-row""><h2><!--F#f_3--><!--F#2-->Product Key Features<!--F/--><!--F/--></h2><ul><li class><div class=""s-name""><!--F#f_3--><!--F#2-->Year Manufactured<!--F/--><!--F/--></div><div class=""s-value""><!--F#f_3--><!--F#2-->2010s<!--F/--><!--F/--></div></li><li class><div class=""s-name""><!--F#f_3--><!--F#2-->Connectivity<!--F/--><!--F/--></div><div class=""s-value""><!--F#f_3--><!--F#2-->3.5mm Jack<!--F/--><!--F/--></div></li><li class><div class=""s-name""><!--F#f_3--><!--F#2-->Colour<!--F/--><!--F/--></div><div class=""s-value""><!--F#f_3--><!--F#2-->Black, Yellow, Multicoloured<!--F/--><!--F/--></div></li><li class><div class=""s-name""><!--F#f_3--><!--F#2-->Form Factor<!--F/--><!--F/--></div><div class=""s-value""><!--F#f_3--><!--F#2-->Headband<!--F/--><!--F/--></div></li><li class><div class=""s-name""><!--F#f_3--><!--F#2-->Features<!--F/--><!--F/--></div><div class=""s-value""><!--F#f_3--><!--F#2-->Adjustable Headband, Stereo<!--F/--><!--F/--></div></li><li class><div class=""s-name""><!--F#f_3--><!--F#2-->Microphone Type<!--F/--><!--F/--></div><div class=""s-value""><!--F#f_3--><!--F#2-->Built-In<!--F/--><!--F/--></div></li><li class><div class=""s-name""><!--F#f_3--><!--F#2-->Number of Earpieces<!--F/--><!--F/--></div><div class=""s-value""><!--F#f_3--><!--F#2-->Double<!--F/--><!--F/--></div></li></ul></div><div class=""spec-row""><h2><!--F#f_3--><!--F#2-->Dimensions<!--F/--><!--F/--></h2><ul><li class><div class=""s-name""><!--F#f_3--><!--F#2-->Weight<!--F/--><!--F/--></div><div class=""s-value""><!--F#f_3--><!--F#2-->0.49 pounds<!--F/--><!--F/--></div></li></ul></div></section>","Product IdentifiersBrandGrooveMPNGVEMJ14GTIN5060108294102UPC5060108294102eBay Product ID (ePID)2056151289Product Key FeaturesYear Manufactured2010sConnectivity3.5mm JackColourBlack, Yellow, MulticolouredForm FactorHeadbandFeaturesAdjustable Headband, StereoMicrophone TypeBuilt-InNumber of EarpiecesDoubleDimensionsWeight0.49 pounds",https://www.ebay.co.uk/
ed87708a-0b3f-52cd-b3bb-33e0c0dbf8bc,Matte Black Angry Eyes Headlight Trim Cover Bezels for Jeep Wrangler JK 07-16 B2,https://www.ebay.co.uk/p/2037630778,"08/01/2021, 23:31:47",True,16.02,Areyourshop,C116006BLACK,,GBP,eBay ~ Vehicle Parts & Accessories ~ Car Parts ~ External Lights & Indicators ~ Headlight Assemblies,https://i.ebayimg.com/images/g/mOgAAOSwd0dfjlGF/s-l640.jpg ~ https://i.ebayimg.com/images/g/OxoAAOSwhBtfjlGH/s-l640.jpg ~ https://i.ebayimg.com/images/g/IYQAAOSwex9fjlGI/s-l640.jpg ~ https://i.ebayimg.com/images/g/FhMAAOSwXwRfjlGK/s-l640.jpg,2037630778,"<section class=""product-spectification""><div class=""spec-row""><h2><!--F#f_3--><!--F#2-->Product Identifiers<!--F/--><!--F/--></h2><ul><li class><div class=""s-name""><!--F#f_3--><!--F#2-->Brand<!--F/--><!--F/--></div><div class=""s-value""><!--F#f_3--><!--F#2-->Areyourshop<!--F/--><!--F/--></div></li><li class><div class=""s-name""><!--F#f_3--><!--F#2-->MPN<!--F/--><!--F/--></div><div class=""s-value""><!--F#f_3--><!--F#2-->C116006BLACK<!--F/--><!--F/--></div></li><li class><div class=""s-name""><!--F#f_3--><!--F#2-->eBay Product ID (ePID)<!--F/--><!--F/--></div><div class=""s-value""><!--F#f_3--><!--F#2-->2037630778<!--F/--><!--F/--></div></li></ul></div></section>",Product IdentifiersBrandAreyourshopMPNC116006BLACKeBay Product ID (ePID)2037630778,https://www.ebay.co.uk/
0898aea4-1e3d-51be-9f64-eb991c753e10,Koch Chemie Nano Magic Shampoo 10kg Professional Size,https://www.ebay.co.uk/p/2035997079,"08/01/2021, 23:31:47",True,7.8,Koch Chemie,77702750,,GBP,eBay ~ Vehicle Parts & Accessories ~ Car Accessories ~ Car Care & Cleaning ~ Car Wash Soap,https://i.ebayimg.com/images/g/Wd0AAOSwq6RgxL8M/s-l640.jpg ~ https://i.ebayimg.com/images/g/bwoAAOSwMGBgxL8O/s-l640.jpg ~ https://i.ebayimg.com/images/g/XkoAAOSwZfBgxL8Y/s-l640.jpg,2035997079,"<section class=""product-spectification""><div class=""spec-row""><h2><!--F#f_3--><!--F#2-->Product Identifiers<!--F/--><!--F/--></h2><ul><li class><div class=""s-name""><!--F#f_3--><!--F#2-->Brand<!--F/--><!--F/--></div><div class=""s-value""><!--F#f_3--><!--F#2-->Koch Chemie<!--F/--><!--F/--></div></li><li class><div class=""s-name""><!--F#f_3--><!--F#2-->MPN<!--F/--><!--F/--></div><div class=""s-value""><!--F#f_3--><!--F#2-->77702750<!--F/--><!--F/--></div></li><li class><div class=""s-name""><!--F#f_3--><!--F#2-->eBay Product ID (ePID)<!--F/--><!--F/--></div><div class=""s-value""><!--F#f_3--><!--F#2-->2035997079<!--F/--><!--F/--></div></li></ul></div><div class=""spec-row""><h2><!--F#f_3--><!--F#2-->Dimensions<!--F/--><!--F/--></h2><ul><li class><div class=""s-name""><!--F#f_3--><!--F#2-->Height<!--F/--><!--F/--></div><div class=""s-value""><!--F#f_3--><!--F#2-->250<!--F/--><!--F/--></div></li><li class><div class=""s-name""><!--F#f_3--><!--F#2-->Width<!--F/--><!--F/--></div><div class=""s-value""><!--F#f_3--><!--F#2-->70<!--F/--><!--F/--></div></li><li class><div class=""s-name""><!--F#f_3--><!--F#2-->Volume<!--F/--><!--F/--></div><div class=""s-value""><!--F#f_3--><!--F#2-->750ml<!--F/--><!--F/--></div></li><li class><div class=""s-name""><!--F#f_3--><!--F#2-->Length<!--F/--><!--F/--></div><div class=""s-value""><!--F#f_3--><!--F#2-->70<!--F/--><!--F/--></div></li></ul></div></section>",Product IdentifiersBrandKoch ChemieMPN77702750eBay Product ID (ePID)2035997079DimensionsHeight250Width70Volume750mlLength70,https://www.ebay.co.uk/
309d55f0-4f69-5e04-8d41-2dd2fded3f14,MERCEDES C Class W205 2015 RHD Rear Door Right off Side in Blue A2059004721,https://www.ebay.co.uk/p/2056353399,"08/01/2021, 23:31:47",True,30.0,Mercedes-Benz,A2059004721,,GBP,eBay ~ Vehicle Parts & Accessories ~ Car Parts ~ Electrical Components ~ ECUs/Computers,https://i.ebayimg.com/images/g/6xcAAOSwf75cjqJT/s-l640.jpg ~ https://i.ebayimg.com/images/g/~IEAAOSwHDdcjqJW/s-l640.jpg ~ https://i.ebayimg.com/images/g/sxEAAOSwl7pcjqJY/s-l640.jpg,2056353399,"<section class=""product-spectification""><div class=""spec-row""><h2><!--F#f_3--><!--F#2-->Product Identifiers<!--F/--><!--F/--></h2><ul><li class><div class=""s-name""><!--F#f_3--><!--F#2-->Brand<!--F/--><!--F/--></div><div class=""s-value""><!--F#f_3--><!--F#2-->Mercedes-Benz<!--F/--><!--F/--></div></li><li class><div class=""s-name""><!--F#f_3--><!--F#2-->Manufacturer Part Number<!--F/--><!--F/--></div><div class=""s-value""><!--F#f_3--><!--F#2-->A2059004721<!--F/--><!--F/--></div></li><li class><div class=""s-name""><!--F#f_3--><!--F#2-->eBay Product ID (ePID)<!--F/--><!--F/--></div><div class=""s-value""><!--F#f_3--><!--F#2-->2056353399<!--F/--><!--F/--></div></li></ul></div><div class=""spec-row""><h2><!--F#f_3--><!--F#2-->Product Key Features<!--F/--><!--F/--></h2><ul><li class><div class=""s-name""><!--F#f_3--><!--F#2-->Classic Car Part<!--F/--><!--F/--></div><div class=""s-value""><!--F#f_3--><!--F#2-->No<!--F/--><!--F/--></div></li><li class><div class=""s-name""><!--F#f_3--><!--F#2-->Reference OE/OEM Number<!--F/--><!--F/--></div><div class=""s-value""><!--F#f_3--><!--F#2-->A2059004721, Benz<!--F/--><!--F/--></div></li></ul></div></section>","Product IdentifiersBrandMercedes-BenzManufacturer Part NumberA2059004721eBay Product ID (ePID)2056353399Product Key FeaturesClassic Car PartNoReference OE/OEM NumberA2059004721, Benz",https://www.ebay.co.uk/
015f6ff9-d38b-5cfc-b98e-7397d2fe5059,18463 V Parts Kit of Springs Clutch Yamaha,https://www.ebay.co.uk/p/2073800597,"08/01/2021, 23:31:47",True,14.28,Tecnium,,8430525184633,GBP,eBay ~ Vehicle Parts & Accessories ~ Motorcycle Parts ~ Other Motorcycle Parts,https://i.ebayimg.com/images/g/uskAAOSwo4pYMOSj/s-l640.jpg,2073800597,"<section class=""product-spectification""><div class=""spec-row""><h2><!--F#f_3--><!--F#2-->Product Identifiers<!--F/--><!--F/--></h2><ul><li class><div class=""s-name""><!--F#f_3--><!--F#2-->Brand<!--F/--><!--F/--></div><div class=""s-value""><!--F#f_3--><!--F#2-->Tecnium<!--F/--><!--F/--></div></li><li class><div class=""s-name""><!--F#f_3--><!--F#2-->GTIN<!--F/--><!--F/--></div><div class=""s-value""><!--F#f_3--><!--F#2-->8430525184633<!--F/--><!--F/--></div></li><li class><div class=""s-name""><!--F#f_3--><!--F#2-->UPC<!--F/--><!--F/--></div><div class=""s-value""><!--F#f_3--><!--F#2-->8430525184633<!--F/--><!--F/--></div></li><li class><div class=""s-name""><!--F#f_3--><!--F#2-->eBay Product ID (ePID)<!--F/--><!--F/--></div><div class=""s-value""><!--F#f_3--><!--F#2-->2073800597<!--F/--><!--F/--></div></li></ul></div></section>",Product IdentifiersBrandTecniumGTIN8430525184633UPC8430525184633eBay Product ID (ePID)2073800597,https://www.ebay.co.uk/
1316b9d1-aa79-58cc-a265-8e9a5772ae48,Ahead 14inch Donut Big Fat Snare Drum Abfsd14-don,https://www.ebay.co.uk/p/2059208551,"08/01/2021, 23:31:47",True,25.22,Ahead,,0638317780973,GBP,eBay ~ Musical Instruments ~ Percussion ~ Parts ~ Skins & Heads,https://i.ebayimg.com/images/g/V9kAAOSwm8ZeQopd/s-l640.jpg ~ https://i.ebayimg.com/images/g/vmoAAOSwcexZps8S/s-l64.jpg,2059208551,"<section class=""product-spectification""><div class=""spec-row""><h2><!--F#f_3--><!--F#2-->Product Identifiers<!--F/--><!--F/--></h2><ul><li class><div class=""s-name""><!--F#f_3--><!--F#2-->Brand<!--F/--><!--F/--></div><div class=""s-value""><!--F#f_3--><!--F#2-->Ahead<!--F/--><!--F/--></div></li><li class><div class=""s-name""><!--F#f_3--><!--F#2-->GTIN<!--F/--><!--F/--></div><div class=""s-value""><!--F#f_3--><!--F#2-->0638317780973<!--F/--><!--F/--></div></li><li class><div class=""s-name""><!--F#f_3--><!--F#2-->UPC<!--F/--><!--F/--></div><div class=""s-value""><!--F#f_3--><!--F#2-->0638317780973<!--F/--><!--F/--></div></li><li class><div class=""s-name""><!--F#f_3--><!--F#2-->eBay Product ID (ePID)<!--F/--><!--F/--></div><div class=""s-value""><!--F#f_3--><!--F#2-->2059208551<!--F/--><!--F/--></div></li></ul></div><div class=""spec-row""><h2><!--F#f_3--><!--F#2-->Product Key Features<!--F/--><!--F/--></h2><ul><li class><div class=""s-name""><!--F#f_3--><!--F#2-->For Instrument<!--F/--><!--F/--></div><div class=""s-value""><!--F#f_3--><!--F#2-->Snare Drum, Tom<!--F/--><!--F/--></div></li><li class><div class=""s-name""><!--F#f_3--><!--F#2-->Model<!--F/--><!--F/--></div><div class=""s-value""><!--F#f_3--><!--F#2-->ABFSD14-DON<!--F/--><!--F/--></div></li></ul></div><div class=""spec-row""><h2><!--F#f_3--><!--F#2-->Dimensions<!--F/--><!--F/--></h2><ul><li class><div class=""s-name""><!--F#f_3--><!--F#2-->Item Height<!--F/--><!--F/--></div><div class=""s-value""><!--F#f_3--><!--F#2-->14 in<!--F/--><!--F/--></div></li><li class><div class=""s-name""><!--F#f_3--><!--F#2-->Item Weight<!--F/--><!--F/--></div><div class=""s-value""><!--F#f_3--><!--F#2-->181 g<!--F/--><!--F/--></div></li></ul></div></section>","Product IdentifiersBrandAheadGTIN0638317780973UPC0638317780973eBay Product ID (ePID)2059208551Product Key FeaturesFor InstrumentSnare Drum, TomModelABFSD14-DONDimensionsItem Height14 inItem Weight181 g",https://www.ebay.co.uk/
590b4a20-7199-5abc-8eac-6de5dc86eb85,2015 Audi Q3 5 Door Estate OFFSIDE Rear LED Tail Light Drivers Lamp,https://www.ebay.co.uk/p/2071132108,"08/01/2021, 23:31:47",True,100.0,Audi,8U0945094M,,GBP,eBay ~ Vehicle Parts & Accessories ~ Car Parts ~ External Lights & Indicators ~ Rear Light Assemblies,https://i.ebayimg.com/images/g/by0AAOSwal1fzn4~/s-l640.jpg ~ https://i.ebayimg.com/images/g/3pQAAOSwYc5fzn4t/s-l640.jpg ~ https://i.ebayimg.com/images/g/7loAAOSwtHxfzn4x/s-l640.jpg ~ https://i.ebayimg.com/images/g/7Z0AAOSwsFdfzn40/s-l640.jpg,2071132108,"<section class=""product-spectification""><div class=""spec-row""><h2><!--F#f_3--><!--F#2-->Product Identifiers<!--F/--><!--F/--></h2><ul><li class><div class=""s-name""><!--F#f_3--><!--F#2-->Brand<!--F/--><!--F/--></div><div class=""s-value""><!--F#f_3--><!--F#2-->Audi<!--F/--><!--F/--></div></li><li class><div class=""s-name""><!--F#f_3--><!--F#2-->MPN<!--F/--><!--F/--></div><div class=""s-value""><!--F#f_3--><!--F#2-->8U0945094M<!--F/--><!--F/--></div></li><li class><div class=""s-name""><!--F#f_3--><!--F#2-->eBay Product ID (ePID)<!--F/--><!--F/--></div><div class=""s-value""><!--F#f_3--><!--F#2-->2071132108<!--F/--><!--F/--></div></li></ul></div><div class=""spec-row""><h2><!--F#f_3--><!--F#2-->Product Key Features<!--F/--><!--F/--></h2><ul><li class><div class=""s-name""><!--F#f_3--><!--F#2-->Placement on Vehicle<!--F/--><!--F/--></div><div class=""s-value""><!--F#f_3--><!--F#2-->Right, Left<!--F/--><!--F/--></div></li><li class><div class=""s-name""><!--F#f_3--><!--F#2-->Classic Car Part<!--F/--><!--F/--></div><div class=""s-value""><!--F#f_3--><!--F#2-->No<!--F/--><!--F/--></div></li><li class><div class=""s-name""><!--F#f_3--><!--F#2-->Reference OE/OEM Number<!--F/--><!--F/--></div><div class=""s-value""><!--F#f_3--><!--F#2-->8U0945094N<!--F/--><!--F/--></div></li></ul></div></section>","Product IdentifiersBrandAudiMPN8U0945094MeBay Product ID (ePID)2071132108Product Key FeaturesPlacement on VehicleRight, LeftClassic Car PartNoReference OE/OEM Number8U0945094N",https://www.ebay.co.uk/
8369df01-4fe9-5665-966a-23099a7c80c8,SHAD Spare Plastic ZIPPER With Internal Straps Trunk or Bag Sh48 SH 48,https://www.ebay.co.uk/p/2080722782,"08/01/2021, 23:31:48",True,14.5,SHAD,D1B48CGR,8430358508774,GBP,eBay ~ Vehicle Parts & Accessories ~ Motorcycle Accessories ~ Luggage ~ Other Luggage,https://i.ebayimg.com/images/g/ApQAAOSwYSFeK6Mu/s-l640.jpg,2080722782,"<section class=""product-spectification""><div class=""spec-row""><h2><!--F#f_3--><!--F#2-->Product Identifiers<!--F/--><!--F/--></h2><ul><li class><div class=""s-name""><!--F#f_3--><!--F#2-->Brand<!--F/--><!--F/--></div><div class=""s-value""><!--F#f_3--><!--F#2-->SHAD<!--F/--><!--F/--></div></li><li class><div class=""s-name""><!--F#f_3--><!--F#2-->MPN<!--F/--><!--F/--></div><div class=""s-value""><!--F#f_3--><!--F#2-->D1B48CGR<!--F/--><!--F/--></div></li><li class><div class=""s-name""><!--F#f_3--><!--F#2-->GTIN<!--F/--><!--F/--></div><div class=""s-value""><!--F#f_3--><!--F#2-->8430358508774<!--F/--><!--F/--></div></li><li class><div class=""s-name""><!--F#f_3--><!--F#2-->UPC<!--F/--><!--F/--></div><div class=""s-value""><!--F#f_3--><!--F#2-->8430358508774<!--F/--><!--F/--></div></li><li class><div class=""s-name""><!--F#f_3--><!--F#2-->eBay Product ID (ePID)<!--F/--><!--F/--></div><div class=""s-value""><!--F#f_3--><!--F#2-->2080722782<!--F/--><!--F/--></div></li></ul></div><div class=""spec-row""><h2><!--F#f_3--><!--F#2-->Product Key Features<!--F/--><!--F/--></h2><ul><li class><div class=""s-name""><!--F#f_3--><!--F#2-->Colour<!--F/--><!--F/--></div><div class=""s-value""><!--F#f_3--><!--F#2-->Silver<!--F/--><!--F/--></div></li></ul></div></section>",Product IdentifiersBrandSHADMPND1B48CGRGTIN8430358508774UPC8430358508774eBay Product ID (ePID)2080722782Product Key FeaturesColourSilver,https://www.ebay.co.uk/
ab646a87-797c-5ef9-8293-648ffaf0e12a,One Punch Man Group Anime Poster Print 42x60cm,https://www.ebay.co.uk/p/2073134174,"08/01/2021, 23:31:48",True,7.25,GB eye,1589054,5028486359370,GBP,eBay ~ Art ~ Art Posters,https://i.ebayimg.com/images/g/JXQAAOSwaK1bSNNy/s-l640.jpg ~ https://i.ebayimg.com/images/g/drwAAOSwG~RgdE1T/s-l64.jpg,2073134174,"<section class=""product-spectification""><div class=""spec-row""><h2><!--F#f_3--><!--F#2-->Product Identifiers<!--F/--><!--F/--></h2><ul><li class><div class=""s-name""><!--F#f_3--><!--F#2-->Brand<!--F/--><!--F/--></div><div class=""s-value""><!--F#f_3--><!--F#2-->GB eye<!--F/--><!--F/--></div></li><li class><div class=""s-name""><!--F#f_3--><!--F#2-->MPN<!--F/--><!--F/--></div><div class=""s-value""><!--F#f_3--><!--F#2-->1589054<!--F/--><!--F/--></div></li><li class><div class=""s-name""><!--F#f_3--><!--F#2-->GTIN<!--F/--><!--F/--></div><div class=""s-value""><!--F#f_3--><!--F#2-->5028486359370<!--F/--><!--F/--></div></li><li class><div class=""s-name""><!--F#f_3--><!--F#2-->UPC<!--F/--><!--F/--></div><div class=""s-value""><!--F#f_3--><!--F#2-->5028486359370<!--F/--><!--F/--></div></li><li class><div class=""s-name""><!--F#f_3--><!--F#2-->eBay Product ID (ePID)<!--F/--><!--F/--></div><div class=""s-value""><!--F#f_3--><!--F#2-->2073134174<!--F/--><!--F/--></div></li></ul></div><div class=""spec-row""><h2><!--F#f_3--><!--F#2-->Product Key Features<!--F/--><!--F/--></h2><ul><li class><div class=""s-name""><!--F#f_3--><!--F#2-->Width (Inches)<!--F/--><!--F/--></div><div class=""s-value""><!--F#f_3--><!--F#2-->61cm<!--F/--><!--F/--></div></li><li class><div class=""s-name""><!--F#f_3--><!--F#2-->Character<!--F/--><!--F/--></div><div class=""s-value""><!--F#f_3--><!--F#2-->Decorator<!--F/--><!--F/--></div></li><li class><div class=""s-name""><!--F#f_3--><!--F#2-->Character Family<!--F/--><!--F/--></div><div class=""s-value""><!--F#f_3--><!--F#2-->Home<!--F/--><!--F/--></div></li><li class><div class=""s-name""><!--F#f_3--><!--F#2-->Year<!--F/--><!--F/--></div><div class=""s-value""><!--F#f_3--><!--F#2-->Reproductions<!--F/--><!--F/--></div></li><li class><div class=""s-name""><!--F#f_3--><!--F#2-->Height (Inches)<!--F/--><!--F/--></div><div class=""s-value""><!--F#f_3--><!--F#2-->91.5cm<!--F/--><!--F/--></div></li></ul></div></section>",Product IdentifiersBrandGB eyeMPN1589054GTIN5028486359370UPC5028486359370eBay Product ID (ePID)2073134174Product Key FeaturesWidth (Inches)61cmCharacterDecoratorCharacter FamilyHomeYearReproductionsHeight (Inches)91.5cm,https://www.ebay.co.uk/
0bdcc215-e96d-5043-a56c-951a24512259,Fits BMW 3 Series E46 Hamann Fog Lamp Cover Set M Sport 2001-2005,https://www.ebay.co.uk/p/2069510529,"08/01/2021, 23:31:48",True,31.8,Prasco,BM018P2135,,GBP,"eBay ~ Vehicle Parts & Accessories ~ Car Tuning & Styling ~ Body & Exterior Styling ~ Grilles, Meshes & Vents",https://i.ebayimg.com/images/g/bfcAAOSwxAtgwxAv/s-l640.jpg ~ https://i.ebayimg.com/images/g/A5AAAOSwILNgwxAv/s-l640.jpg ~ https://i.ebayimg.com/images/g/RTcAAOSwcH1gwxAx/s-l640.jpg ~ https://i.ebayimg.com/images/g/mTwAAOSwz8pgwxAw/s-l640.jpg,2069510529,"<section class=""product-spectification""><div class=""spec-row""><h2><!--F#f_3--><!--F#2-->Product Identifiers<!--F/--><!--F/--></h2><ul><li class><div class=""s-name""><!--F#f_3--><!--F#2-->Brand<!--F/--><!--F/--></div><div class=""s-value""><!--F#f_3--><!--F#2-->Prasco<!--F/--><!--F/--></div></li><li class><div class=""s-name""><!--F#f_3--><!--F#2-->MPN<!--F/--><!--F/--></div><div class=""s-value""><!--F#f_3--><!--F#2-->BM018P2135<!--F/--><!--F/--></div></li><li class><div class=""s-name""><!--F#f_3--><!--F#2-->eBay Product ID (ePID)<!--F/--><!--F/--></div><div class=""s-value""><!--F#f_3--><!--F#2-->2069510529<!--F/--><!--F/--></div></li></ul></div><div class=""spec-row""><h2><!--F#f_3--><!--F#2-->Product Key Features<!--F/--><!--F/--></h2><ul><li class><div class=""s-name""><!--F#f_3--><!--F#2-->Reference OE/OEM Number<!--F/--><!--F/--></div><div class=""s-value""><!--F#f_3--><!--F#2-->337105<!--F/--><!--F/--></div></li></ul></div></section>",Product IdentifiersBrandPrascoMPNBM018P2135eBay Product ID (ePID)2069510529Product Key FeaturesReference OE/OEM Number337105,https://www.ebay.co.uk/
936a4814-8989-5553-af63-84e70c76c50d,AUDI A3 Door Wing Mirror Glass Silver RHS Wide Angle 2001 to 2003,https://www.ebay.co.uk/p/2078443968,"08/01/2021, 23:31:48",True,7.99,TWMC,L522,,GBP,eBay ~ Vehicle Parts & Accessories ~ Car Parts ~ Exterior & Body Parts ~ Wing Mirrors & Accessories,https://i.ebayimg.com/images/g/5KEAAOSwfPBfbhCH/s-l640.jpg ~ https://i.ebayimg.com/images/g/ZqcAAOSwTzpfbhCL/s-l640.jpg ~ https://i.ebayimg.com/images/g/JtQAAOSw-RJfbhCN/s-l640.jpg ~ https://i.ebayimg.com/images/g/chcAAOSwaHlfbhCR/s-l640.jpg,2078443968,"<section class=""product-spectification""><div class=""spec-row""><h2><!--F#f_3--><!--F#2-->Product Identifiers<!--F/--><!--F/--></h2><ul><li class><div class=""s-name""><!--F#f_3--><!--F#2-->Brand<!--F/--><!--F/--></div><div class=""s-value""><!--F#f_3--><!--F#2-->TWMC<!--F/--><!--F/--></div></li><li class><div class=""s-name""><!--F#f_3--><!--F#2-->Manufacturer Part Number<!--F/--><!--F/--></div><div class=""s-value""><!--F#f_3--><!--F#2-->L522<!--F/--><!--F/--></div></li><li class><div class=""s-name""><!--F#f_3--><!--F#2-->eBay Product ID (ePID)<!--F/--><!--F/--></div><div class=""s-value""><!--F#f_3--><!--F#2-->2078443968<!--F/--><!--F/--></div></li></ul></div><div class=""spec-row""><h2><!--F#f_3--><!--F#2-->Product Key Features<!--F/--><!--F/--></h2><ul><li class><div class=""s-name""><!--F#f_3--><!--F#2-->Colour<!--F/--><!--F/--></div><div class=""s-value""><!--F#f_3--><!--F#2-->Silver<!--F/--><!--F/--></div></li><li class><div class=""s-name""><!--F#f_3--><!--F#2-->Paint Code<!--F/--><!--F/--></div><div class=""s-value""><!--F#f_3--><!--F#2-->Wide Angle<!--F/--><!--F/--></div></li><li class><div class=""s-name""><!--F#f_3--><!--F#2-->Wing Mirror Part Type<!--F/--><!--F/--></div><div class=""s-value""><!--F#f_3--><!--F#2-->Mirror Glass<!--F/--><!--F/--></div></li><li class><div class=""s-name""><!--F#f_3--><!--F#2-->Placement on Vehicle<!--F/--><!--F/--></div><div class=""s-value""><!--F#f_3--><!--F#2-->Right<!--F/--><!--F/--></div></li></ul></div></section>",Product IdentifiersBrandTWMCManufacturer Part NumberL522eBay Product ID (ePID)2078443968Product Key FeaturesColourSilverPaint CodeWide AngleWing Mirror Part TypeMirror GlassPlacement on VehicleRight,https://www.ebay.co.uk/
011322a0-9949-552f-a241-b9f0e3ec2625,Frank Zappa The Moth Weasels Ripped My Flesh Vinyl LP Id11501z,https://www.ebay.co.uk/p/2081776393,"08/01/2021, 23:31:48",True,19.99,UMC,,0824302384312,GBP,eBay ~ Music ~ Vinyl Records,https://i.ebayimg.com/images/g/JZkAAOSwI4teQdAv/s-l640.jpg ~ https://i.ebayimg.com/images/g/uyIAAOSwIFtaKVgo/s-l64.jpg,2081776393,"<section class=""product-spectification""><div class=""spec-row""><h2><!--F#f_3--><!--F#2-->Product Identifiers<!--F/--><!--F/--></h2><ul><li class><div class=""s-name""><!--F#f_3--><!--F#2-->Brand<!--F/--><!--F/--></div><div class=""s-value""><!--F#f_3--><!--F#2-->UMC<!--F/--><!--F/--></div></li><li class><div class=""s-name""><!--F#f_3--><!--F#2-->GTIN<!--F/--><!--F/--></div><div class=""s-value""><!--F#f_3--><!--F#2-->0824302384312<!--F/--><!--F/--></div></li><li class><div class=""s-name""><!--F#f_3--><!--F#2-->UPC<!--F/--><!--F/--></div><div class=""s-value""><!--F#f_3--><!--F#2-->0824302384312<!--F/--><!--F/--></div></li><li class><div class=""s-name""><!--F#f_3--><!--F#2-->eBay Product ID (ePID)<!--F/--><!--F/--></div><div class=""s-value""><!--F#f_3--><!--F#2-->2081776393<!--F/--><!--F/--></div></li></ul></div><div class=""spec-row""><h2><!--F#f_3--><!--F#2-->Product Key Features<!--F/--><!--F/--></h2><ul><li class><div class=""s-name""><!--F#f_3--><!--F#2-->Artist<!--F/--><!--F/--></div><div class=""s-value""><!--F#f_3--><!--F#2-->Frank Zappa<!--F/--><!--F/--></div></li><li class><div class=""s-name""><!--F#f_3--><!--F#2-->Record Size<!--F/--><!--F/--></div><div class=""s-value""><!--F#f_3--><!--F#2-->12""<!--F/--><!--F/--></div></li><li class><div class=""s-name""><!--F#f_3--><!--F#2-->Edition<!--F/--><!--F/--></div><div class=""s-value""><!--F#f_3--><!--F#2-->Remastered, Reissue<!--F/--><!--F/--></div></li><li class><div class=""s-name""><!--F#f_3--><!--F#2-->Era<!--F/--><!--F/--></div><div class=""s-value""><!--F#f_3--><!--F#2-->2010s<!--F/--><!--F/--></div></li><li class><div class=""s-name""><!--F#f_3--><!--F#2-->Format<!--F/--><!--F/--></div><div class=""s-value""><!--F#f_3--><!--F#2-->Record<!--F/--><!--F/--></div></li><li class><div class=""s-name""><!--F#f_3--><!--F#2-->Language<!--F/--><!--F/--></div><div class=""s-value""><!--F#f_3--><!--F#2-->English<!--F/--><!--F/--></div></li><li class><div class=""s-name""><!--F#f_3--><!--F#2-->Release Year<!--F/--><!--F/--></div><div class=""s-value""><!--F#f_3--><!--F#2-->2016<!--F/--><!--F/--></div></li><li class><div class=""s-name""><!--F#f_3--><!--F#2-->Style<!--F/--><!--F/--></div><div class=""s-value""><!--F#f_3--><!--F#2-->Blues Rock, Experimental Rock, Experimental, Pop Rock, Psychedelic Rock<!--F/--><!--F/--></div></li><li class><div class=""s-name""><!--F#f_3--><!--F#2-->Features<!--F/--><!--F/--></div><div class=""s-value""><!--F#f_3--><!--F#2-->Sealed, Remastered, Import, 180-220 gram<!--F/--><!--F/--></div></li><li class><div class=""s-name""><!--F#f_3--><!--F#2-->Speed<!--F/--><!--F/--></div><div class=""s-value""><!--F#f_3--><!--F#2-->33 RPM<!--F/--><!--F/--></div></li><li class><div class=""s-name""><!--F#f_3--><!--F#2-->Material<!--F/--><!--F/--></div><div class=""s-value""><!--F#f_3--><!--F#2-->Vinyl<!--F/--><!--F/--></div></li><li class><div class=""s-name""><!--F#f_3--><!--F#2-->Type<!--F/--><!--F/--></div><div class=""s-value""><!--F#f_3--><!--F#2-->LP<!--F/--><!--F/--></div></li><li class><div class=""s-name""><!--F#f_3--><!--F#2-->Instrument<!--F/--><!--F/--></div><div class=""s-value""><!--F#f_3--><!--F#2-->Recorder<!--F/--><!--F/--></div></li><li class><div class=""s-name""><!--F#f_3--><!--F#2-->Genre<!--F/--><!--F/--></div><div class=""s-value""><!--F#f_3--><!--F#2-->Pop, Rock<!--F/--><!--F/--></div></li></ul></div></section>","Product IdentifiersBrandUMCGTIN0824302384312UPC0824302384312eBay Product ID (ePID)2081776393Product Key FeaturesArtistFrank ZappaRecord Size12""EditionRemastered, ReissueEra2010sFormatRecordLanguageEnglishRelease Year2016StyleBlues Rock, Experimental Rock, Experimental, Pop Rock, Psychedelic RockFeaturesSealed, Remastered, Import, 180-220 gramSpeed33 RPMMaterialVinylTypeLPInstrumentRecorderGenrePop, Rock",https://www.ebay.co.uk/
49392251-549e-53dd-a80a-572441ee5882,Transformers Hasbro Generations Titans Return W3 Deluxe Firedrive & Hot Rod,https://www.ebay.co.uk/p/2082354727,"08/01/2021, 23:31:48",True,21.64,Hasbro,C0271,0630509494279,GBP,eBay ~ Toys & Games ~ Action Figures & Accessories ~ Action Figures,https://i.ebayimg.com/images/g/OSUAAOSw0dZeQjGZ/s-l640.jpg ~ https://i.ebayimg.com/images/g/G-UAAOSwNaBd06hM/s-l64.jpg,2082354727,"<section class=""product-spectification""><div class=""spec-row""><h2><!--F#f_3--><!--F#2-->Product Identifiers<!--F/--><!--F/--></h2><ul><li class><div class=""s-name""><!--F#f_3--><!--F#2-->Brand<!--F/--><!--F/--></div><div class=""s-value""><!--F#f_3--><!--F#2-->Hasbro<!--F/--><!--F/--></div></li><li class><div class=""s-name""><!--F#f_3--><!--F#2-->MPN<!--F/--><!--F/--></div><div class=""s-value""><!--F#f_3--><!--F#2-->C0271<!--F/--><!--F/--></div></li><li class><div class=""s-name""><!--F#f_3--><!--F#2-->GTIN<!--F/--><!--F/--></div><div class=""s-value""><!--F#f_3--><!--F#2-->0630509494279<!--F/--><!--F/--></div></li><li class><div class=""s-name""><!--F#f_3--><!--F#2-->UPC<!--F/--><!--F/--></div><div class=""s-value""><!--F#f_3--><!--F#2-->0630509494279<!--F/--><!--F/--></div></li><li class><div class=""s-name""><!--F#f_3--><!--F#2-->eBay Product ID (ePID)<!--F/--><!--F/--></div><div class=""s-value""><!--F#f_3--><!--F#2-->2082354727<!--F/--><!--F/--></div></li></ul></div><div class=""spec-row""><h2><!--F#f_3--><!--F#2-->Product Key Features<!--F/--><!--F/--></h2><ul><li class><div class=""s-name""><!--F#f_3--><!--F#2-->Year Manufactured<!--F/--><!--F/--></div><div class=""s-value""><!--F#f_3--><!--F#2-->2016<!--F/--><!--F/--></div></li><li class><div class=""s-name""><!--F#f_3--><!--F#2-->Character<!--F/--><!--F/--></div><div class=""s-value""><!--F#f_3--><!--F#2-->Hot Rod, Titans, Starscream<!--F/--><!--F/--></div></li><li class><div class=""s-name""><!--F#f_3--><!--F#2-->Transformer Faction<!--F/--><!--F/--></div><div class=""s-value""><!--F#f_3--><!--F#2-->Autobot<!--F/--><!--F/--></div></li><li class><div class=""s-name""><!--F#f_3--><!--F#2-->Time Period Manufactured<!--F/--><!--F/--></div><div class=""s-value""><!--F#f_3--><!--F#2-->2010-2019<!--F/--><!--F/--></div></li><li class><div class=""s-name""><!--F#f_3--><!--F#2-->Vintage<!--F/--><!--F/--></div><div class=""s-value""><!--F#f_3--><!--F#2-->No<!--F/--><!--F/--></div></li><li class><div class=""s-name""><!--F#f_3--><!--F#2-->Original/Licensed Reproduction<!--F/--><!--F/--></div><div class=""s-value""><!--F#f_3--><!--F#2-->Original<!--F/--><!--F/--></div></li><li class><div class=""s-name""><!--F#f_3--><!--F#2-->Features<!--F/--><!--F/--></div><div class=""s-value""><!--F#f_3--><!--F#2-->Transforming<!--F/--><!--F/--></div></li><li class><div class=""s-name""><!--F#f_3--><!--F#2-->Featured Person/Artist<!--F/--><!--F/--></div><div class=""s-value""><!--F#f_3--><!--F#2-->Seal<!--F/--><!--F/--></div></li><li class><div class=""s-name""><!--F#f_3--><!--F#2-->Material<!--F/--><!--F/--></div><div class=""s-value""><!--F#f_3--><!--F#2-->Plastic<!--F/--><!--F/--></div></li><li class><div class=""s-name""><!--F#f_3--><!--F#2-->Franchise<!--F/--><!--F/--></div><div class=""s-value""><!--F#f_3--><!--F#2-->Transformers<!--F/--><!--F/--></div></li><li class><div class=""s-name""><!--F#f_3--><!--F#2-->Type<!--F/--><!--F/--></div><div class=""s-value""><!--F#f_3--><!--F#2-->Action Figure<!--F/--><!--F/--></div></li></ul></div><div class=""spec-row""><h2><!--F#f_3--><!--F#2-->Dimensions<!--F/--><!--F/--></h2><ul><li class><div class=""s-name""><!--F#f_3--><!--F#2-->Item Height<!--F/--><!--F/--></div><div class=""s-value""><!--F#f_3--><!--F#2-->Deluxe Class<!--F/--><!--F/--></div></li></ul></div></section>","Product IdentifiersBrandHasbroMPNC0271GTIN0630509494279UPC0630509494279eBay Product ID (ePID)2082354727Product Key FeaturesYear Manufactured2016CharacterHot Rod, Titans, StarscreamTransformer FactionAutobotTime Period Manufactured2010-2019VintageNoOriginal/Licensed ReproductionOriginalFeaturesTransformingFeatured Person/ArtistSealMaterialPlasticFranchiseTransformersTypeAction FigureDimensionsItem HeightDeluxe Class",https://www.ebay.co.uk/
b1458cb4-d65e-563c-b90e-f033e17fc67e,2 X 15ml Tight Cherry Tightening GEL Shrink Sex Cream California Fantasies,https://www.ebay.co.uk/p/2082469672,"08/01/2021, 23:31:48",True,6.95,California Fantasies,N10265,0855487001138,GBP,eBay ~ Health & Beauty ~ Health Care ~ Sexual Wellness ~ Sexual Remedies & Supplements,https://i.ebayimg.com/images/g/-2cAAOSwg0deX9s-/s-l640.jpg ~ https://i.ebayimg.com/images/g/GaEAAOSwHb9eX9s-/s-l640.jpg ~ https://i.ebayimg.com/images/g/CAoAAOSwpKJgJm9E/s-l640.jpg ~ https://i.ebayimg.com/images/g/AYwAAOSwNsdeX9tA/s-l640.jpg,2082469672,"<section class=""product-spectification""><div class=""spec-row""><h2><!--F#f_3--><!--F#2-->Product Identifiers<!--F/--><!--F/--></h2><ul><li class><div class=""s-name""><!--F#f_3--><!--F#2-->Brand<!--F/--><!--F/--></div><div class=""s-value""><!--F#f_3--><!--F#2-->California Fantasies<!--F/--><!--F/--></div></li><li class><div class=""s-name""><!--F#f_3--><!--F#2-->MPN<!--F/--><!--F/--></div><div class=""s-value""><!--F#f_3--><!--F#2-->N10265<!--F/--><!--F/--></div></li><li class><div class=""s-name""><!--F#f_3--><!--F#2-->GTIN<!--F/--><!--F/--></div><div class=""s-value""><!--F#f_3--><!--F#2-->0855487001138<!--F/--><!--F/--></div></li><li class><div class=""s-name""><!--F#f_3--><!--F#2-->UPC<!--F/--><!--F/--></div><div class=""s-value""><!--F#f_3--><!--F#2-->0855487001138<!--F/--><!--F/--></div></li><li class><div class=""s-name""><!--F#f_3--><!--F#2-->eBay Product ID (ePID)<!--F/--><!--F/--></div><div class=""s-value""><!--F#f_3--><!--F#2-->2082469672<!--F/--><!--F/--></div></li></ul></div><div class=""spec-row""><h2><!--F#f_3--><!--F#2-->Product Key Features<!--F/--><!--F/--></h2><ul><li class><div class=""s-name""><!--F#f_3--><!--F#2-->Formulation<!--F/--><!--F/--></div><div class=""s-value""><!--F#f_3--><!--F#2-->Cream, Gel<!--F/--><!--F/--></div></li><li class><div class=""s-name""><!--F#f_3--><!--F#2-->Type of Diet<!--F/--><!--F/--></div><div class=""s-value""><!--F#f_3--><!--F#2-->Vaginal<!--F/--><!--F/--></div></li><li class><div class=""s-name""><!--F#f_3--><!--F#2-->Ingredients<!--F/--><!--F/--></div><div class=""s-value""><!--F#f_3--><!--F#2-->Water, Potassium<!--F/--><!--F/--></div></li><li class><div class=""s-name""><!--F#f_3--><!--F#2-->Active Ingredients<!--F/--><!--F/--></div><div class=""s-value""><!--F#f_3--><!--F#2-->Water, Potassium<!--F/--><!--F/--></div></li><li class><div class=""s-name""><!--F#f_3--><!--F#2-->Main Purpose<!--F/--><!--F/--></div><div class=""s-value""><!--F#f_3--><!--F#2-->Vaginal Tightening<!--F/--><!--F/--></div></li><li class><div class=""s-name""><!--F#f_3--><!--F#2-->Type<!--F/--><!--F/--></div><div class=""s-value""><!--F#f_3--><!--F#2-->Plant Extracts<!--F/--><!--F/--></div></li></ul></div><div class=""spec-row""><h2><!--F#f_3--><!--F#2-->Dimensions<!--F/--><!--F/--></h2><ul><li class><div class=""s-name""><!--F#f_3--><!--F#2-->Volume<!--F/--><!--F/--></div><div class=""s-value""><!--F#f_3--><!--F#2-->15 ml<!--F/--><!--F/--></div></li><li class><div class=""s-name""><!--F#f_3--><!--F#2-->Item Weight<!--F/--><!--F/--></div><div class=""s-value""><!--F#f_3--><!--F#2-->15 g<!--F/--><!--F/--></div></li></ul></div></section>","Product IdentifiersBrandCalifornia FantasiesMPNN10265GTIN0855487001138UPC0855487001138eBay Product ID (ePID)2082469672Product Key FeaturesFormulationCream, GelType of DietVaginalIngredientsWater, PotassiumActive IngredientsWater, PotassiumMain PurposeVaginal TighteningTypePlant ExtractsDimensionsVolume15 mlItem Weight15 g",https://www.ebay.co.uk/
125d30cc-8103-5072-abb9-95ea19351a30,Putoline Motorcycle Chain & Engine Degreaser 500ml Aerosols X2,https://www.ebay.co.uk/p/2087934379,"08/01/2021, 23:31:49",True,10.89,Putoline,,8710128700493,GBP,"eBay ~ Vehicle Parts & Accessories ~ Oils, Fluids & Lubricants ~ Cleaners & Degreasers",,2087934379,"<section class=""product-spectification""><div class=""spec-row""><h2><!--F#f_3--><!--F#2-->Product Identifiers<!--F/--><!--F/--></h2><ul><li class><div class=""s-name""><!--F#f_3--><!--F#2-->Brand<!--F/--><!--F/--></div><div class=""s-value""><!--F#f_3--><!--F#2-->Putoline<!--F/--><!--F/--></div></li><li class><div class=""s-name""><!--F#f_3--><!--F#2-->GTIN<!--F/--><!--F/--></div><div class=""s-value""><!--F#f_3--><!--F#2-->8710128700493<!--F/--><!--F/--></div></li><li class><div class=""s-name""><!--F#f_3--><!--F#2-->UPC<!--F/--><!--F/--></div><div class=""s-value""><!--F#f_3--><!--F#2-->8710128700493<!--F/--><!--F/--></div></li><li class><div class=""s-name""><!--F#f_3--><!--F#2-->eBay Product ID (ePID)<!--F/--><!--F/--></div><div class=""s-value""><!--F#f_3--><!--F#2-->2087934379<!--F/--><!--F/--></div></li></ul></div><div class=""spec-row""><h2><!--F#f_3--><!--F#2-->Product Key Features<!--F/--><!--F/--></h2><ul><li class><div class=""s-name""><!--F#f_3--><!--F#2-->Suitable for<!--F/--><!--F/--></div><div class=""s-value""><!--F#f_3--><!--F#2-->Engine<!--F/--><!--F/--></div></li></ul></div><div class=""spec-row""><h2><!--F#f_3--><!--F#2-->Dimensions<!--F/--><!--F/--></h2><ul><li class><div class=""s-name""><!--F#f_3--><!--F#2-->Volume<!--F/--><!--F/--></div><div class=""s-value""><!--F#f_3--><!--F#2-->500 mL<!--F/--><!--F/--></div></li></ul></div></section>",Product IdentifiersBrandPutolineGTIN8710128700493UPC8710128700493eBay Product ID (ePID)2087934379Product Key FeaturesSuitable forEngineDimensionsVolume500 mL,https://www.ebay.co.uk/
432c0b83-79c8-54c1-8078-55b746ce20e0,Rear Brake Fluid Reservoir Cap Red MV Agusta Brutale 800 2016 CNC Racing Tf891r,https://www.ebay.co.uk/p/2087222071,"08/01/2021, 23:31:49",True,35.9,CNC Racing,CNUKTF891R2,,GBP,eBay ~ Vehicle Parts & Accessories ~ Motorcycle Accessories ~ Other Motorcycle Accessories,https://i.ebayimg.com/images/g/FksAAOSw8KJb5WzX/s-l640.jpg,2087222071,"<section class=""product-spectification""><div class=""spec-row""><h2><!--F#f_3--><!--F#2-->Product Identifiers<!--F/--><!--F/--></h2><ul><li class><div class=""s-name""><!--F#f_3--><!--F#2-->Brand<!--F/--><!--F/--></div><div class=""s-value""><!--F#f_3--><!--F#2-->CNC Racing<!--F/--><!--F/--></div></li><li class><div class=""s-name""><!--F#f_3--><!--F#2-->Manufacturer Part Number<!--F/--><!--F/--></div><div class=""s-value""><!--F#f_3--><!--F#2-->CNUKTF891R2, CNUKTF891R1, CNUKTF891R4, CNUKTF891R3, CNUKTF891R22, CNUKTF891R13, CNUKTF891R21, CNUKTF891R12, CNUKTF891R11, CNUKTF891R23, CNUKTF891R10, CNUKTF891R17, CNUKTF891R16, CNUKTF891R15, CNUKTF891R19, CNUKTF891R9, CNUKTF891R7, TF891R, CNUKTF891R8, CNUKTF891R5, CNUKTF891R6<!--F/--><!--F/--></div></li><li class><div class=""s-name""><!--F#f_3--><!--F#2-->eBay Product ID (ePID)<!--F/--><!--F/--></div><div class=""s-value""><!--F#f_3--><!--F#2-->2087222071<!--F/--><!--F/--></div></li></ul></div></section>","Product IdentifiersBrandCNC RacingManufacturer Part NumberCNUKTF891R2, CNUKTF891R1, CNUKTF891R4, CNUKTF891R3, CNUKTF891R22, CNUKTF891R13, CNUKTF891R21, CNUKTF891R12, CNUKTF891R11, CNUKTF891R23, CNUKTF891R10, CNUKTF891R17, CNUKTF891R16, CNUKTF891R15, CNUKTF891R19, CNUKTF891R9, CNUKTF891R7, TF891R, CNUKTF891R8, CNUKTF891R5, CNUKTF891R6eBay Product ID (ePID)2087222071",https://www.ebay.co.uk/
0072708c-9c94-5916-87a9-d5262e2fdaa8,National CK979758,https://www.ebay.co.uk/p/2089792419,"08/01/2021, 23:31:49",True,75.0,National,CK979758,5050497041593,GBP,eBay ~ Vehicle Parts & Accessories ~ Car Parts ~ Transmission & Drivetrain ~ Complete Clutch Kits,https://i.ebayimg.com/images/g/-kAAAOSwhOxgpOGz/s-l640.jpg,2089792419,"<section class=""product-spectification""><div class=""spec-row""><h2><!--F#f_3--><!--F#2-->Product Identifiers<!--F/--><!--F/--></h2><ul><li class><div class=""s-name""><!--F#f_3--><!--F#2-->Brand<!--F/--><!--F/--></div><div class=""s-value""><!--F#f_3--><!--F#2-->National<!--F/--><!--F/--></div></li><li class><div class=""s-name""><!--F#f_3--><!--F#2-->MPN<!--F/--><!--F/--></div><div class=""s-value""><!--F#f_3--><!--F#2-->CK979758<!--F/--><!--F/--></div></li><li class><div class=""s-name""><!--F#f_3--><!--F#2-->GTIN<!--F/--><!--F/--></div><div class=""s-value""><!--F#f_3--><!--F#2-->5050497041593<!--F/--><!--F/--></div></li><li class><div class=""s-name""><!--F#f_3--><!--F#2-->UPC<!--F/--><!--F/--></div><div class=""s-value""><!--F#f_3--><!--F#2-->5050497041593<!--F/--><!--F/--></div></li><li class><div class=""s-name""><!--F#f_3--><!--F#2-->eBay Product ID (ePID)<!--F/--><!--F/--></div><div class=""s-value""><!--F#f_3--><!--F#2-->2089792419<!--F/--><!--F/--></div></li></ul></div><div class=""spec-row""><h2><!--F#f_3--><!--F#2-->Product Key Features<!--F/--><!--F/--></h2><ul><li class><div class=""s-name""><!--F#f_3--><!--F#2-->Reference OE/OEM Number<!--F/--><!--F/--></div><div class=""s-value""><!--F#f_3--><!--F#2-->please check in the description<!--F/--><!--F/--></div></li></ul></div></section>",Product IdentifiersBrandNationalMPNCK979758GTIN5050497041593UPC5050497041593eBay Product ID (ePID)2089792419Product Key FeaturesReference OE/OEM Numberplease check in the description,https://www.ebay.co.uk/
3088b0be-e86a-5819-81b0-96327aa2b714,BMW F800 Switch Gear Cover Right Side 613176700349,https://www.ebay.co.uk/p/2091123594,"08/01/2021, 23:31:49",True,18.0,BMW,613176700349,,GBP,eBay ~ Vehicle Parts & Accessories ~ Motorcycle Parts ~ Bodywork & Frame ~ Fairings & Panels,https://i.ebayimg.com/images/g/nKEAAOSwcIxc97Nr/s-l640.jpg ~ https://i.ebayimg.com/images/g/LioAAOSw3jZc97Nt/s-l640.jpg ~ https://i.ebayimg.com/images/g/w2kAAOSwYlNc97Nx/s-l640.jpg ~ https://i.ebayimg.com/images/g/GJwAAOSw7k9c97Nz/s-l640.jpg,2091123594,"<section class=""product-spectification""><div class=""spec-row""><h2><!--F#f_3--><!--F#2-->Product Identifiers<!--F/--><!--F/--></h2><ul><li class><div class=""s-name""><!--F#f_3--><!--F#2-->Brand<!--F/--><!--F/--></div><div class=""s-value""><!--F#f_3--><!--F#2-->BMW<!--F/--><!--F/--></div></li><li class><div class=""s-name""><!--F#f_3--><!--F#2-->Manufacturer Part Number<!--F/--><!--F/--></div><div class=""s-value""><!--F#f_3--><!--F#2-->613176700349<!--F/--><!--F/--></div></li><li class><div class=""s-name""><!--F#f_3--><!--F#2-->eBay Product ID (ePID)<!--F/--><!--F/--></div><div class=""s-value""><!--F#f_3--><!--F#2-->2091123594<!--F/--><!--F/--></div></li></ul></div><div class=""spec-row""><h2><!--F#f_3--><!--F#2-->Product Key Features<!--F/--><!--F/--></h2><ul><li class><div class=""s-name""><!--F#f_3--><!--F#2-->Placement on Motorcycle<!--F/--><!--F/--></div><div class=""s-value""><!--F#f_3--><!--F#2-->Right<!--F/--><!--F/--></div></li></ul></div></section>",Product IdentifiersBrandBMWManufacturer Part Number613176700349eBay Product ID (ePID)2091123594Product Key FeaturesPlacement on MotorcycleRight,https://www.ebay.co.uk/
29756f2b-664b-5e66-8437-a4562a618a48,1pcs 2 Pin Earhook Earpiece Headset PTT Mic for Kenwood HYT Baofeng Radio BLK B1,https://www.ebay.co.uk/p/2088084799,"08/01/2021, 23:31:49",True,7.39,Areyourshop,E002B380BLK1PCS,,GBP,eBay ~ Mobile Phones & Communication ~ Radio Communication Equipment ~ Parts & Accessories ~ Headsets & Earpieces,https://i.ebayimg.com/images/g/P9wAAOSwm4leQtJA/s-l640.jpg ~ https://i.ebayimg.com/images/g/rmgAAOSwNmVftikI/s-l64.jpg ~ https://i.ebayimg.com/images/g/OBkAAOSw2PVftikJ/s-l64.jpg ~ https://i.ebayimg.com/images/g/xQ8AAOSwoKBftikK/s-l64.jpg,2088084799,"<section class=""product-spectification""><div class=""spec-row""><h2><!--F#f_3--><!--F#2-->Product Identifiers<!--F/--><!--F/--></h2><ul><li class><div class=""s-name""><!--F#f_3--><!--F#2-->Brand<!--F/--><!--F/--></div><div class=""s-value""><!--F#f_3--><!--F#2-->Areyourshop<!--F/--><!--F/--></div></li><li class><div class=""s-name""><!--F#f_3--><!--F#2-->MPN<!--F/--><!--F/--></div><div class=""s-value""><!--F#f_3--><!--F#2-->E002B380BLK1PCS<!--F/--><!--F/--></div></li><li class><div class=""s-name""><!--F#f_3--><!--F#2-->eBay Product ID (ePID)<!--F/--><!--F/--></div><div class=""s-value""><!--F#f_3--><!--F#2-->2088084799<!--F/--><!--F/--></div></li></ul></div><div class=""spec-row""><h2><!--F#f_3--><!--F#2-->Product Key Features<!--F/--><!--F/--></h2><ul><li class><div class=""s-name""><!--F#f_3--><!--F#2-->Colour<!--F/--><!--F/--></div><div class=""s-value""><!--F#f_3--><!--F#2-->Black<!--F/--><!--F/--></div></li><li class><div class=""s-name""><!--F#f_3--><!--F#2-->Form Factor<!--F/--><!--F/--></div><div class=""s-value""><!--F#f_3--><!--F#2-->Ear-hook<!--F/--><!--F/--></div></li><li class><div class=""s-name""><!--F#f_3--><!--F#2-->Type<!--F/--><!--F/--></div><div class=""s-value""><!--F#f_3--><!--F#2-->Earbud (In Ear)<!--F/--><!--F/--></div></li></ul></div></section>",Product IdentifiersBrandAreyourshopMPNE002B380BLK1PCSeBay Product ID (ePID)2088084799Product Key FeaturesColourBlackForm FactorEar-hookTypeEarbud (In Ear),https://www.ebay.co.uk/
16b2f222-a800-5de9-8ed1-d9a5a4be7572,PEUGEOT Speedfight 2 LC 50 Racing Reed Valve Set,https://www.ebay.co.uk/p/2095572425,"08/01/2021, 23:31:49",True,23.97,Top Performances,21174,,GBP,eBay ~ Vehicle Parts & Accessories ~ Scooter Parts ~ Other Scooter Parts,https://i.ebayimg.com/images/g/ZXkAAOSwQ45cpKpN/s-l640.jpg,2095572425,"<section class=""product-spectification""><div class=""spec-row""><h2><!--F#f_3--><!--F#2-->Product Identifiers<!--F/--><!--F/--></h2><ul><li class><div class=""s-name""><!--F#f_3--><!--F#2-->Brand<!--F/--><!--F/--></div><div class=""s-value""><!--F#f_3--><!--F#2-->Top Performances<!--F/--><!--F/--></div></li><li class><div class=""s-name""><!--F#f_3--><!--F#2-->MPN<!--F/--><!--F/--></div><div class=""s-value""><!--F#f_3--><!--F#2-->21174<!--F/--><!--F/--></div></li><li class><div class=""s-name""><!--F#f_3--><!--F#2-->eBay Product ID (ePID)<!--F/--><!--F/--></div><div class=""s-value""><!--F#f_3--><!--F#2-->2095572425<!--F/--><!--F/--></div></li></ul></div></section>",Product IdentifiersBrandTop PerformancesMPN21174eBay Product ID (ePID)2095572425,https://www.ebay.co.uk/
cb3f24af-dcb6-5c11-b194-e5dfb2098304,Metzeler 26700002670600,https://www.ebay.co.uk/p/2098285421,"08/01/2021, 23:31:49",True,161.45,Metzeler,26700002670600,8019227267068,GBP,eBay ~ Vehicle Parts & Accessories ~ Motorcycle Wheels & Tyres ~ Tyres & Tubes,https://i.ebayimg.com/images/g/ApEAAOSwDPhgoHz~/s-l640.jpg,2098285421,"<section class=""product-spectification""><div class=""spec-row""><h2><!--F#f_3--><!--F#2-->Product Identifiers<!--F/--><!--F/--></h2><ul><li class><div class=""s-name""><!--F#f_3--><!--F#2-->Brand<!--F/--><!--F/--></div><div class=""s-value""><!--F#f_3--><!--F#2-->Metzeler<!--F/--><!--F/--></div></li><li class><div class=""s-name""><!--F#f_3--><!--F#2-->MPN<!--F/--><!--F/--></div><div class=""s-value""><!--F#f_3--><!--F#2-->26700002670600<!--F/--><!--F/--></div></li><li class><div class=""s-name""><!--F#f_3--><!--F#2-->GTIN<!--F/--><!--F/--></div><div class=""s-value""><!--F#f_3--><!--F#2-->8019227267068<!--F/--><!--F/--></div></li><li class><div class=""s-name""><!--F#f_3--><!--F#2-->UPC<!--F/--><!--F/--></div><div class=""s-value""><!--F#f_3--><!--F#2-->8019227267068<!--F/--><!--F/--></div></li><li class><div class=""s-name""><!--F#f_3--><!--F#2-->eBay Product ID (ePID)<!--F/--><!--F/--></div><div class=""s-value""><!--F#f_3--><!--F#2-->2098285421<!--F/--><!--F/--></div></li></ul></div><div class=""spec-row""><h2><!--F#f_3--><!--F#2-->Product Key Features<!--F/--><!--F/--></h2><ul><li class><div class=""s-name""><!--F#f_3--><!--F#2-->Speed Rating<!--F/--><!--F/--></div><div class=""s-value""><!--F#f_3--><!--F#2-->V: max 150 mph<!--F/--><!--F/--></div></li><li class><div class=""s-name""><!--F#f_3--><!--F#2-->Classic Motorcycle Part<!--F/--><!--F/--></div><div class=""s-value""><!--F#f_3--><!--F#2-->No<!--F/--><!--F/--></div></li><li class><div class=""s-name""><!--F#f_3--><!--F#2-->Section Width<!--F/--><!--F/--></div><div class=""s-value""><!--F#f_3--><!--F#2-->150<!--F/--><!--F/--></div></li><li class><div class=""s-name""><!--F#f_3--><!--F#2-->Season<!--F/--><!--F/--></div><div class=""s-value""><!--F#f_3--><!--F#2-->All-Weather<!--F/--><!--F/--></div></li><li class><div class=""s-name""><!--F#f_3--><!--F#2-->Reference OE/OEM Number<!--F/--><!--F/--></div><div class=""s-value""><!--F#f_3--><!--F#2-->2670000 &amp; 2670600<!--F/--><!--F/--></div></li><li class><div class=""s-name""><!--F#f_3--><!--F#2-->Aspect Ratio<!--F/--><!--F/--></div><div class=""s-value""><!--F#f_3--><!--F#2-->70<!--F/--><!--F/--></div></li><li class><div class=""s-name""><!--F#f_3--><!--F#2-->Type<!--F/--><!--F/--></div><div class=""s-value""><!--F#f_3--><!--F#2-->Sport Touring<!--F/--><!--F/--></div></li><li class><div class=""s-name""><!--F#f_3--><!--F#2-->Rim Size<!--F/--><!--F/--></div><div class=""s-value""><!--F#f_3--><!--F#2-->17""<!--F/--><!--F/--></div></li></ul></div></section>","Product IdentifiersBrandMetzelerMPN26700002670600GTIN8019227267068UPC8019227267068eBay Product ID (ePID)2098285421Product Key FeaturesSpeed RatingV: max 150 mphClassic Motorcycle PartNoSection Width150SeasonAll-WeatherReference OE/OEM Number2670000 & 2670600Aspect Ratio70TypeSport TouringRim Size17""",https://www.ebay.co.uk/
6892b974-2b98-550b-8e6d-8313bd5d5306,Land Rover 6W8315K859CA,https://www.ebay.co.uk/p/2100618389,"08/01/2021, 23:31:49",True,12.0,Land Rover,6W8315K859CA,,GBP,"eBay ~ Vehicle Parts & Accessories ~ In-Car Technology, GPS & Security ~ Parking Assistance ~ Parking Sensors",https://i.ebayimg.com/images/g/l0IAAOSwLJxfhXfK/s-l640.jpg ~ https://i.ebayimg.com/images/g/XE8AAOSw1g1fhXe6/s-l640.jpg ~ https://i.ebayimg.com/images/g/RZAAAOSw0ltfhXeA/s-l640.jpg,2100618389,"<section class=""product-spectification""><div class=""spec-row""><h2><!--F#f_3--><!--F#2-->Product Identifiers<!--F/--><!--F/--></h2><ul><li class><div class=""s-name""><!--F#f_3--><!--F#2-->Brand<!--F/--><!--F/--></div><div class=""s-value""><!--F#f_3--><!--F#2-->Land Rover<!--F/--><!--F/--></div></li><li class><div class=""s-name""><!--F#f_3--><!--F#2-->MPN<!--F/--><!--F/--></div><div class=""s-value""><!--F#f_3--><!--F#2-->6W8315K859CA<!--F/--><!--F/--></div></li><li class><div class=""s-name""><!--F#f_3--><!--F#2-->eBay Product ID (ePID)<!--F/--><!--F/--></div><div class=""s-value""><!--F#f_3--><!--F#2-->2100618389<!--F/--><!--F/--></div></li></ul></div><div class=""spec-row""><h2><!--F#f_3--><!--F#2-->Product Key Features<!--F/--><!--F/--></h2><ul><li class><div class=""s-name""><!--F#f_3--><!--F#2-->Compatible Vehicle Make<!--F/--><!--F/--></div><div class=""s-value""><!--F#f_3--><!--F#2-->Land Rover, Rover, Jaguar<!--F/--><!--F/--></div></li><li class><div class=""s-name""><!--F#f_3--><!--F#2-->Placement on Vehicle<!--F/--><!--F/--></div><div class=""s-value""><!--F#f_3--><!--F#2-->Rear, Front, Left, Right<!--F/--><!--F/--></div></li><li class><div class=""s-name""><!--F#f_3--><!--F#2-->Colour<!--F/--><!--F/--></div><div class=""s-value""><!--F#f_3--><!--F#2-->Black<!--F/--><!--F/--></div></li><li class><div class=""s-name""><!--F#f_3--><!--F#2-->Connectivity<!--F/--><!--F/--></div><div class=""s-value""><!--F#f_3--><!--F#2-->Wired<!--F/--><!--F/--></div></li></ul></div></section>","Product IdentifiersBrandLand RoverMPN6W8315K859CAeBay Product ID (ePID)2100618389Product Key FeaturesCompatible Vehicle MakeLand Rover, Rover, JaguarPlacement on VehicleRear, Front, Left, RightColourBlackConnectivityWired",https://www.ebay.co.uk/
16b0de51-83ba-53a5-bd2b-1feea313cdf4,29er DT Swiss Rim MTB XM 401 Spline One 32 Hole Incl. Nipples and PHP Washern,https://www.ebay.co.uk/p/2098824141,"08/01/2021, 23:31:49",True,67.9,DT Swiss,RTXM4029N32S011253,7630024372765,GBP,eBay ~ Sporting Goods ~ Cycling ~ Bike Components & Parts ~ Rims,https://i.ebayimg.com/images/g/aucAAOSwdkNd3nm5/s-l640.jpg ~ https://i.ebayimg.com/images/g/dcwAAOSweMdgJ0gP/s-l64.jpg,2098824141,"<section class=""product-spectification""><div class=""spec-row""><h2><!--F#f_3--><!--F#2-->Product Identifiers<!--F/--><!--F/--></h2><ul><li class><div class=""s-name""><!--F#f_3--><!--F#2-->Brand<!--F/--><!--F/--></div><div class=""s-value""><!--F#f_3--><!--F#2-->DT Swiss<!--F/--><!--F/--></div></li><li class><div class=""s-name""><!--F#f_3--><!--F#2-->MPN<!--F/--><!--F/--></div><div class=""s-value""><!--F#f_3--><!--F#2-->RTXM4029N32S011253<!--F/--><!--F/--></div></li><li class><div class=""s-name""><!--F#f_3--><!--F#2-->GTIN<!--F/--><!--F/--></div><div class=""s-value""><!--F#f_3--><!--F#2-->7630024372765<!--F/--><!--F/--></div></li><li class><div class=""s-name""><!--F#f_3--><!--F#2-->UPC<!--F/--><!--F/--></div><div class=""s-value""><!--F#f_3--><!--F#2-->7630024372765<!--F/--><!--F/--></div></li><li class><div class=""s-name""><!--F#f_3--><!--F#2-->eBay Product ID (ePID)<!--F/--><!--F/--></div><div class=""s-value""><!--F#f_3--><!--F#2-->2098824141<!--F/--><!--F/--></div></li></ul></div><div class=""spec-row""><h2><!--F#f_3--><!--F#2-->Product Key Features<!--F/--><!--F/--></h2><ul><li class><div class=""s-name""><!--F#f_3--><!--F#2-->Number of Spoke Holes<!--F/--><!--F/--></div><div class=""s-value""><!--F#f_3--><!--F#2-->32 Hole<!--F/--><!--F/--></div></li><li class><div class=""s-name""><!--F#f_3--><!--F#2-->Compatible Bike Type<!--F/--><!--F/--></div><div class=""s-value""><!--F#f_3--><!--F#2-->Mountain Bike, Universal<!--F/--><!--F/--></div></li><li class><div class=""s-name""><!--F#f_3--><!--F#2-->Wheel Size<!--F/--><!--F/--></div><div class=""s-value""><!--F#f_3--><!--F#2-->700C<!--F/--><!--F/--></div></li><li class><div class=""s-name""><!--F#f_3--><!--F#2-->Tyre Type<!--F/--><!--F/--></div><div class=""s-value""><!--F#f_3--><!--F#2-->Tubeless<!--F/--><!--F/--></div></li><li class><div class=""s-name""><!--F#f_3--><!--F#2-->Colour<!--F/--><!--F/--></div><div class=""s-value""><!--F#f_3--><!--F#2-->Black<!--F/--><!--F/--></div></li><li class><div class=""s-name""><!--F#f_3--><!--F#2-->Features<!--F/--><!--F/--></div><div class=""s-value""><!--F#f_3--><!--F#2-->Bicycle, Brake<!--F/--><!--F/--></div></li><li class><div class=""s-name""><!--F#f_3--><!--F#2-->Part Type<!--F/--><!--F/--></div><div class=""s-value""><!--F#f_3--><!--F#2-->Rim<!--F/--><!--F/--></div></li><li class><div class=""s-name""><!--F#f_3--><!--F#2-->Brake Type<!--F/--><!--F/--></div><div class=""s-value""><!--F#f_3--><!--F#2-->Disc Brake<!--F/--><!--F/--></div></li><li class><div class=""s-name""><!--F#f_3--><!--F#2-->Model<!--F/--><!--F/--></div><div class=""s-value""><!--F#f_3--><!--F#2-->XM 401<!--F/--><!--F/--></div></li></ul></div><div class=""spec-row""><h2><!--F#f_3--><!--F#2-->Dimensions<!--F/--><!--F/--></h2><ul><li class><div class=""s-name""><!--F#f_3--><!--F#2-->Item Diameter<!--F/--><!--F/--></div><div class=""s-value""><!--F#f_3--><!--F#2-->32 Hole<!--F/--><!--F/--></div></li><li class><div class=""s-name""><!--F#f_3--><!--F#2-->Item Weight<!--F/--><!--F/--></div><div class=""s-value""><!--F#f_3--><!--F#2-->110<!--F/--><!--F/--></div></li></ul></div></section>","Product IdentifiersBrandDT SwissMPNRTXM4029N32S011253GTIN7630024372765UPC7630024372765eBay Product ID (ePID)2098824141Product Key FeaturesNumber of Spoke Holes32 HoleCompatible Bike TypeMountain Bike, UniversalWheel Size700CTyre TypeTubelessColourBlackFeaturesBicycle, BrakePart TypeRimBrake TypeDisc BrakeModelXM 401DimensionsItem Diameter32 HoleItem Weight110",https://www.ebay.co.uk/
0daefcb9-c197-50df-8899-2bec9525ff59,Coconut Merchant ORG Cocconut Cacao Spread 330g,https://www.ebay.co.uk/p/2104147081,"08/01/2021, 23:31:50",True,9.98,,,7791400071310,GBP,"eBay ~ Home, Furniture & DIY ~ Food & Drink ~ Food Cupboard ~ Baking & Desserts ~ Yeast & Baking Agents",https://i.ebayimg.com/images/g/HYAAAOSwpJReQngz/s-l640.jpg ~ https://i.ebayimg.com/images/g/NJcAAOSwuJFeSp3b/s-l64.jpg,2104147081,"<section class=""product-spectification""><div class=""spec-row""><h2><!--F#f_3--><!--F#2-->Product Identifiers<!--F/--><!--F/--></h2><ul><li class><div class=""s-name""><!--F#f_3--><!--F#2-->GTIN<!--F/--><!--F/--></div><div class=""s-value""><!--F#f_3--><!--F#2-->7791400071310<!--F/--><!--F/--></div></li><li class><div class=""s-name""><!--F#f_3--><!--F#2-->UPC<!--F/--><!--F/--></div><div class=""s-value""><!--F#f_3--><!--F#2-->7791400071310<!--F/--><!--F/--></div></li><li class><div class=""s-name""><!--F#f_3--><!--F#2-->eBay Product ID (ePID)<!--F/--><!--F/--></div><div class=""s-value""><!--F#f_3--><!--F#2-->2104147081<!--F/--><!--F/--></div></li></ul></div><div class=""spec-row""><h2><!--F#f_3--><!--F#2-->Product Key Features<!--F/--><!--F/--></h2><ul><li class><div class=""s-name""><!--F#f_3--><!--F#2-->Food Specifications<!--F/--><!--F/--></div><div class=""s-value""><!--F#f_3--><!--F#2-->Organic<!--F/--><!--F/--></div></li><li class><div class=""s-name""><!--F#f_3--><!--F#2-->Flavour<!--F/--><!--F/--></div><div class=""s-value""><!--F#f_3--><!--F#2-->Coconut<!--F/--><!--F/--></div></li><li class><div class=""s-name""><!--F#f_3--><!--F#2-->Type<!--F/--><!--F/--></div><div class=""s-value""><!--F#f_3--><!--F#2-->Coconut<!--F/--><!--F/--></div></li></ul></div><div class=""spec-row""><h2><!--F#f_3--><!--F#2-->Dimensions<!--F/--><!--F/--></h2><ul><li class><div class=""s-name""><!--F#f_3--><!--F#2-->Item Weight<!--F/--><!--F/--></div><div class=""s-value""><!--F#f_3--><!--F#2-->330g<!--F/--><!--F/--></div></li></ul></div></section>",Product IdentifiersGTIN7791400071310UPC7791400071310eBay Product ID (ePID)2104147081Product Key FeaturesFood SpecificationsOrganicFlavourCoconutTypeCoconutDimensionsItem Weight330g,https://www.ebay.co.uk/
9e3bcd86-f098-5b22-8153-65b588b50b81,Interior Pollen Cabin Filter for FIAT Jeep 500l Renegade 500x 71775824 52063810,https://www.ebay.co.uk/p/2105125847,"08/01/2021, 23:31:50",True,13.37,JAPANPARTS,FAAJE3,8052553076157,GBP,eBay ~ Vehicle Parts & Accessories ~ Car Parts ~ Air Conditioning & Heating ~ Pollen Filters,https://i.ebayimg.com/images/g/6FYAAOSw615g12PQ/s-l640.jpg ~ https://i.ebayimg.com/images/g/W3MAAOSwFJlg12PQ/s-l640.jpg,2105125847,"<section class=""product-spectification""><div class=""spec-row""><h2><!--F#f_3--><!--F#2-->Product Identifiers<!--F/--><!--F/--></h2><ul><li class><div class=""s-name""><!--F#f_3--><!--F#2-->Brand<!--F/--><!--F/--></div><div class=""s-value""><!--F#f_3--><!--F#2-->JAPANPARTS<!--F/--><!--F/--></div></li><li class><div class=""s-name""><!--F#f_3--><!--F#2-->MPN<!--F/--><!--F/--></div><div class=""s-value""><!--F#f_3--><!--F#2-->FAAJE3<!--F/--><!--F/--></div></li><li class><div class=""s-name""><!--F#f_3--><!--F#2-->GTIN<!--F/--><!--F/--></div><div class=""s-value""><!--F#f_3--><!--F#2-->8052553076157<!--F/--><!--F/--></div></li><li class><div class=""s-name""><!--F#f_3--><!--F#2-->UPC<!--F/--><!--F/--></div><div class=""s-value""><!--F#f_3--><!--F#2-->8052553076157<!--F/--><!--F/--></div></li><li class><div class=""s-name""><!--F#f_3--><!--F#2-->eBay Product ID (ePID)<!--F/--><!--F/--></div><div class=""s-value""><!--F#f_3--><!--F#2-->2105125847<!--F/--><!--F/--></div></li></ul></div><div class=""spec-row""><h2><!--F#f_3--><!--F#2-->Product Key Features<!--F/--><!--F/--></h2><ul><li class><div class=""s-name""><!--F#f_3--><!--F#2-->Classic Car Part<!--F/--><!--F/--></div><div class=""s-value""><!--F#f_3--><!--F#2-->No<!--F/--><!--F/--></div></li><li class><div class=""s-name""><!--F#f_3--><!--F#2-->Reference OE/OEM Number<!--F/--><!--F/--></div><div class=""s-value""><!--F#f_3--><!--F#2-->100363 100381 1532171 17481FK 17531 17531K 1987435017 1987435548, V24-30-1116 Alco Filter Ashika Blue Print Borg &amp; Beck Bosch, 21-JE-JE3 2123190017 21JE3 350203066330 440 49408511 50014779, polen Replace Replacement New Genuine OE quality 0986628542, ELEMENTS FLAT SHAPE ROUND CIRCLE CLEANER CLEAN PERFORMANCE, FAAJE3 52063810 71775824 77366480 Fiat Jeep Air Interior element, Champion Clean Filters Comline Corteco Delphi Denckermann, Sidat Swag Topran Valeo Vemo 500L RENEGADE 500X 351 352 BU 334, Knecht Kolbenschmidt Magneti Marelli Mahle Original Malo, FILTERS ELEMENTS BOX FLAT SHAPE ROUND CIRCLE CLEANER CLEAN, CUK22022 DCI0245 DCI1245 E3953LI EKF343 EKF343A K1335 K1335A, 600089 70100363 70100381 701034 715809 80004572 80004719, ADL142505 ADL142517 AH396 AHC396 BFC1256 BL940 CCF0474 CU22022, Diederichs Febi Bilstein Filtron Hengst Filter Hoffer Japko, KF10014 LA889 M110925 MBX440 MS-6462 NC2389 QFC0418 SA1331, INSIDE REPLACEMENT REPLACE PANEL DUST OE QUALITY POLLEN FILT, Mann-Filter Meat &amp; Doria Meyle Purflux Quinton Hazell SCT Germany<!--F/--><!--F/--></div></li></ul></div></section>","Product IdentifiersBrandJAPANPARTSMPNFAAJE3GTIN8052553076157UPC8052553076157eBay Product ID (ePID)2105125847Product Key FeaturesClassic Car PartNoReference OE/OEM Number100363 100381 1532171 17481FK 17531 17531K 1987435017 1987435548, V24-30-1116 Alco Filter Ashika Blue Print Borg & Beck Bosch, 21-JE-JE3 2123190017 21JE3 350203066330 440 49408511 50014779, polen Replace Replacement New Genuine OE quality 0986628542, ELEMENTS FLAT SHAPE ROUND CIRCLE CLEANER CLEAN PERFORMANCE, FAAJE3 52063810 71775824 77366480 Fiat Jeep Air Interior element, Champion Clean Filters Comline Corteco Delphi Denckermann, Sidat Swag Topran Valeo Vemo 500L RENEGADE 500X 351 352 BU 334, Knecht Kolbenschmidt Magneti Marelli Mahle Original Malo, FILTERS ELEMENTS BOX FLAT SHAPE ROUND CIRCLE CLEANER CLEAN, CUK22022 DCI0245 DCI1245 E3953LI EKF343 EKF343A K1335 K1335A, 600089 70100363 70100381 701034 715809 80004572 80004719, ADL142505 ADL142517 AH396 AHC396 BFC1256 BL940 CCF0474 CU22022, Diederichs Febi Bilstein Filtron Hengst Filter Hoffer Japko, KF10014 LA889 M110925 MBX440 MS-6462 NC2389 QFC0418 SA1331, INSIDE REPLACEMENT REPLACE PANEL DUST OE QUALITY POLLEN FILT, Mann-Filter Meat & Doria Meyle Purflux Quinton Hazell SCT Germany",https://www.ebay.co.uk/
ff49e159-155a-5883-93e8-2ba8c7c341d6,Ford Fusion 2007 Rear Wiper Blade Arm 1908779 Sov18960,https://www.ebay.co.uk/p/2100671089,"08/01/2021, 23:31:50",True,39.99,Ford,1908779,,GBP,eBay ~ Vehicle Parts & Accessories ~ Car Parts ~ Windscreen Wipers & Washers ~ Wiper Arms,https://i.ebayimg.com/images/g/1-8AAOSwphJgxE7t/s-l640.jpg ~ https://i.ebayimg.com/images/g/VSIAAOSw3WxaKoOU/s-l640.jpg ~ https://i.ebayimg.com/images/g/XNkAAOSwb~hgxE7t/s-l640.jpg ~ https://i.ebayimg.com/images/g/v~EAAOSwLidgxE7t/s-l640.jpg,2100671089,"<section class=""product-spectification""><div class=""spec-row""><h2><!--F#f_3--><!--F#2-->Product Identifiers<!--F/--><!--F/--></h2><ul><li class><div class=""s-name""><!--F#f_3--><!--F#2-->Brand<!--F/--><!--F/--></div><div class=""s-value""><!--F#f_3--><!--F#2-->Ford<!--F/--><!--F/--></div></li><li class><div class=""s-name""><!--F#f_3--><!--F#2-->MPN<!--F/--><!--F/--></div><div class=""s-value""><!--F#f_3--><!--F#2-->1908779<!--F/--><!--F/--></div></li><li class><div class=""s-name""><!--F#f_3--><!--F#2-->eBay Product ID (ePID)<!--F/--><!--F/--></div><div class=""s-value""><!--F#f_3--><!--F#2-->2100671089<!--F/--><!--F/--></div></li></ul></div><div class=""spec-row""><h2><!--F#f_3--><!--F#2-->Product Key Features<!--F/--><!--F/--></h2><ul><li class><div class=""s-name""><!--F#f_3--><!--F#2-->Placement on Vehicle<!--F/--><!--F/--></div><div class=""s-value""><!--F#f_3--><!--F#2-->Rear<!--F/--><!--F/--></div></li><li class><div class=""s-name""><!--F#f_3--><!--F#2-->Reference OE/OEM Number<!--F/--><!--F/--></div><div class=""s-value""><!--F#f_3--><!--F#2-->WIPER, 1908779<!--F/--><!--F/--></div></li></ul></div></section>","Product IdentifiersBrandFordMPN1908779eBay Product ID (ePID)2100671089Product Key FeaturesPlacement on VehicleRearReference OE/OEM NumberWIPER, 1908779",https://www.ebay.co.uk/
51528f1e-cf6b-5898-a962-dacf01332434,Pro Steel Ear Nose Navel Body Piercing Gun Tool Kit 98pcs Instrument Studs K6c9,https://www.ebay.co.uk/p/2102552176,"08/01/2021, 23:31:50",True,7.19,SODIAL,,0190268182850,GBP,eBay ~ Health & Beauty ~ Tattoos & Body Art ~ Piercing Supplies,https://i.ebayimg.com/images/g/0SgAAOSwyxBhAVbh/s-l640.jpg ~ https://i.ebayimg.com/images/g/0ScAAOSwyxBhAVbg/s-l640.jpg ~ https://i.ebayimg.com/images/g/9PYAAOSw3iVhAVbg/s-l640.jpg ~ https://i.ebayimg.com/images/g/E98AAOSwzYVhAVbi/s-l640.jpg,2102552176,"<section class=""product-spectification""><div class=""spec-row""><h2><!--F#f_3--><!--F#2-->Product Identifiers<!--F/--><!--F/--></h2><ul><li class><div class=""s-name""><!--F#f_3--><!--F#2-->Brand<!--F/--><!--F/--></div><div class=""s-value""><!--F#f_3--><!--F#2-->SODIAL<!--F/--><!--F/--></div></li><li class><div class=""s-name""><!--F#f_3--><!--F#2-->GTIN<!--F/--><!--F/--></div><div class=""s-value""><!--F#f_3--><!--F#2-->0190268182850<!--F/--><!--F/--></div></li><li class><div class=""s-name""><!--F#f_3--><!--F#2-->UPC<!--F/--><!--F/--></div><div class=""s-value""><!--F#f_3--><!--F#2-->0190268182850<!--F/--><!--F/--></div></li><li class><div class=""s-name""><!--F#f_3--><!--F#2-->eBay Product ID (ePID)<!--F/--><!--F/--></div><div class=""s-value""><!--F#f_3--><!--F#2-->2102552176<!--F/--><!--F/--></div></li></ul></div><div class=""spec-row""><h2><!--F#f_3--><!--F#2-->Product Key Features<!--F/--><!--F/--></h2><ul><li class><div class=""s-name""><!--F#f_3--><!--F#2-->Items Included<!--F/--><!--F/--></div><div class=""s-value""><!--F#f_3--><!--F#2-->Gun, Stud<!--F/--><!--F/--></div></li><li class><div class=""s-name""><!--F#f_3--><!--F#2-->Colour<!--F/--><!--F/--></div><div class=""s-value""><!--F#f_3--><!--F#2-->Black<!--F/--><!--F/--></div></li><li class><div class=""s-name""><!--F#f_3--><!--F#2-->Material<!--F/--><!--F/--></div><div class=""s-value""><!--F#f_3--><!--F#2-->Metal, Plastic<!--F/--><!--F/--></div></li><li class><div class=""s-name""><!--F#f_3--><!--F#2-->Model<!--F/--><!--F/--></div><div class=""s-value""><!--F#f_3--><!--F#2-->No<!--F/--><!--F/--></div></li></ul></div><div class=""spec-row""><h2><!--F#f_3--><!--F#2-->Dimensions<!--F/--><!--F/--></h2><ul><li class><div class=""s-name""><!--F#f_3--><!--F#2-->Length<!--F/--><!--F/--></div><div class=""s-value""><!--F#f_3--><!--F#2-->13.20<!--F/--><!--F/--></div></li></ul></div></section>","Product IdentifiersBrandSODIALGTIN0190268182850UPC0190268182850eBay Product ID (ePID)2102552176Product Key FeaturesItems IncludedGun, StudColourBlackMaterialMetal, PlasticModelNoDimensionsLength13.20",https://www.ebay.co.uk/
65ebc5e5-2968-5134-ab04-d5b4075946a2,Denon Avrx2300w AV Receiver 5star What HIFI Winner,https://www.ebay.co.uk/p/2100692233,"08/01/2021, 23:31:50",False,,Denon,,4951035059876,,eBay ~ Sound & Vision ~ Home Audio & HiFi Separates ~ Receivers,,2100692233,"<section class=""product-spectification""><div class=""spec-row""><h2><!--F#f_3--><!--F#2-->Product Information<!--F/--><!--F/--></h2><ul><li><!--F#f_3--><!--F#2-->This Denon AVRX2300W AV receiver will help to bring the magic of the cinema into your own living room, thanks to its superb 7.2-channel sound system. The receiver supports Dolby formats including Atmos for great noise reduction, and a wide range of audio input/outputs ranging from USB to HDMI for maximum flexibility in building your home cinema system.<!--F/--><!--F/--></li></ul></div><div class=""spec-row""><h2><!--F#f_3--><!--F#2-->Product Identifiers<!--F/--><!--F/--></h2><ul><li class><div class=""s-name""><!--F#f_3--><!--F#2-->Brand<!--F/--><!--F/--></div><div class=""s-value""><!--F#f_3--><!--F#2-->Denon<!--F/--><!--F/--></div></li><li class><div class=""s-name""><!--F#f_3--><!--F#2-->GTIN<!--F/--><!--F/--></div><div class=""s-value""><!--F#f_3--><!--F#2-->4951035059876<!--F/--><!--F/--></div></li><li class><div class=""s-name""><!--F#f_3--><!--F#2-->UPC<!--F/--><!--F/--></div><div class=""s-value""><!--F#f_3--><!--F#2-->4951035059876<!--F/--><!--F/--></div></li><li class><div class=""s-name""><!--F#f_3--><!--F#2-->eBay Product ID (ePID)<!--F/--><!--F/--></div><div class=""s-value""><!--F#f_3--><!--F#2-->2100692233<!--F/--><!--F/--></div></li></ul></div><div class=""spec-row""><h2><!--F#f_3--><!--F#2-->Product Key Features<!--F/--><!--F/--></h2><ul><li class><div class=""s-name""><!--F#f_3--><!--F#2-->Compatible Product<!--F/--><!--F/--></div><div class=""s-value""><!--F#f_3--><!--F#2-->Cable<!--F/--><!--F/--></div></li><li class><div class=""s-name""><!--F#f_3--><!--F#2-->Audio Outputs<!--F/--><!--F/--></div><div class=""s-value""><!--F#f_3--><!--F#2-->Headphone Jack, Digital Coaxial RCA, Raw Cable Speaker Jacks, Banana Speaker Jacks, RCA, Digital Optical TOSLINK, Stereo L/R RCA, HDMI<!--F/--><!--F/--></div></li><li class><div class=""s-name""><!--F#f_3--><!--F#2-->Audio Inputs<!--F/--><!--F/--></div><div class=""s-value""><!--F#f_3--><!--F#2-->USB, Stereo L/R RCA, DIN, Two-Channel RCA, HDMI<!--F/--><!--F/--></div></li><li class><div class=""s-name""><!--F#f_3--><!--F#2-->Number of Channels<!--F/--><!--F/--></div><div class=""s-value""><!--F#f_3--><!--F#2-->7.2<!--F/--><!--F/--></div></li><li class><div class=""s-name""><!--F#f_3--><!--F#2-->Number of Inputs<!--F/--><!--F/--></div><div class=""s-value""><!--F#f_3--><!--F#2-->6<!--F/--><!--F/--></div></li><li class><div class=""s-name""><!--F#f_3--><!--F#2-->Receiver Combo Features<!--F/--><!--F/--></div><div class=""s-value""><!--F#f_3--><!--F#2-->Internet/Media Streamer<!--F/--><!--F/--></div></li><li class><div class=""s-name""><!--F#f_3--><!--F#2-->Supported Modes<!--F/--><!--F/--></div><div class=""s-value""><!--F#f_3--><!--F#2-->FM, AM<!--F/--><!--F/--></div></li><li class><div class=""s-name""><!--F#f_3--><!--F#2-->Band<!--F/--><!--F/--></div><div class=""s-value""><!--F#f_3--><!--F#2-->AM/FM<!--F/--><!--F/--></div></li><li class><div class=""s-name""><!--F#f_3--><!--F#2-->Surround Sound Formats<!--F/--><!--F/--></div><div class=""s-value""><!--F#f_3--><!--F#2-->Dolby Digital, Dolby Digital Plus (DD+), DTS:X, Dolby Atmos, Dolby, Dolby Digital Surround EX, Dolby Digital EX<!--F/--><!--F/--></div></li><li class><div class=""s-name""><!--F#f_3--><!--F#2-->Colour<!--F/--><!--F/--></div><div class=""s-value""><!--F#f_3--><!--F#2-->Black<!--F/--><!--F/--></div></li><li class><div class=""s-name""><!--F#f_3--><!--F#2-->Features<!--F/--><!--F/--></div><div class=""s-value""><!--F#f_3--><!--F#2-->Digital<!--F/--><!--F/--></div></li><li class><div class=""s-name""><!--F#f_3--><!--F#2-->Number of Outputs<!--F/--><!--F/--></div><div class=""s-value""><!--F#f_3--><!--F#2-->2<!--F/--><!--F/--></div></li><li class><div class=""s-name""><!--F#f_3--><!--F#2-->Type<!--F/--><!--F/--></div><div class=""s-value""><!--F#f_3--><!--F#2-->A/V Receiver<!--F/--><!--F/--></div></li><li class><div class=""s-name""><!--F#f_3--><!--F#2-->Model<!--F/--><!--F/--></div><div class=""s-value""><!--F#f_3--><!--F#2-->Denon AVRX2600H<!--F/--><!--F/--></div></li><li class><div class=""s-name""><!--F#f_3--><!--F#2-->Power<!--F/--><!--F/--></div><div class=""s-value""><!--F#f_3--><!--F#2-->2300 W<!--F/--><!--F/--></div></li></ul></div></section>","Product InformationThis Denon AVRX2300W AV receiver will help to bring the magic of the cinema into your own living room, thanks to its superb 7.2-channel sound system. The receiver supports Dolby formats including Atmos for great noise reduction, and a wide range of audio input/outputs ranging from USB to HDMI for maximum flexibility in building your home cinema system.Product IdentifiersBrandDenonGTIN4951035059876UPC4951035059876eBay Product ID (ePID)2100692233Product Key FeaturesCompatible ProductCableAudio OutputsHeadphone Jack, Digital Coaxial RCA, Raw Cable Speaker Jacks, Banana Speaker Jacks, RCA, Digital Optical TOSLINK, Stereo L/R RCA, HDMIAudio InputsUSB, Stereo L/R RCA, DIN, Two-Channel RCA, HDMINumber of Channels7.2Number of Inputs6Receiver Combo FeaturesInternet/Media StreamerSupported ModesFM, AMBandAM/FMSurround Sound FormatsDolby Digital, Dolby Digital Plus (DD+), DTS:X, Dolby Atmos, Dolby, Dolby Digital Surround EX, Dolby Digital EXColourBlackFeaturesDigitalNumber of Outputs2TypeA/V ReceiverModelDenon AVRX2600HPower2300 W",https://www.ebay.co.uk/
06cc4fa8-ba30-5427-9ca4-7731690ae426,Powerflex PFX004732,https://www.ebay.co.uk/p/2106240614,"08/01/2021, 23:31:50",True,94.44,Powerflex,PFF801230,5055676535672,GBP,"eBay ~ Vehicle Parts & Accessories ~ Car Parts ~ Suspension & Steering ~ Bearings, Bushings & Bush Kits",https://i.ebayimg.com/images/g/i5oAAOSwyaNfPn68/s-l640.jpg ~ https://i.ebayimg.com/images/g/-Z4AAOSwPR5fPn68/s-l640.jpg,2106240614,"<section class=""product-spectification""><div class=""spec-row""><h2><!--F#f_3--><!--F#2-->Product Identifiers<!--F/--><!--F/--></h2><ul><li class><div class=""s-name""><!--F#f_3--><!--F#2-->Brand<!--F/--><!--F/--></div><div class=""s-value""><!--F#f_3--><!--F#2-->Powerflex<!--F/--><!--F/--></div></li><li class><div class=""s-name""><!--F#f_3--><!--F#2-->MPN<!--F/--><!--F/--></div><div class=""s-value""><!--F#f_3--><!--F#2-->PFF801230<!--F/--><!--F/--></div></li><li class><div class=""s-name""><!--F#f_3--><!--F#2-->GTIN<!--F/--><!--F/--></div><div class=""s-value""><!--F#f_3--><!--F#2-->5055676535672<!--F/--><!--F/--></div></li><li class><div class=""s-name""><!--F#f_3--><!--F#2-->UPC<!--F/--><!--F/--></div><div class=""s-value""><!--F#f_3--><!--F#2-->5055676535672<!--F/--><!--F/--></div></li><li class><div class=""s-name""><!--F#f_3--><!--F#2-->eBay Product ID (ePID)<!--F/--><!--F/--></div><div class=""s-value""><!--F#f_3--><!--F#2-->2106240614<!--F/--><!--F/--></div></li></ul></div><div class=""spec-row""><h2><!--F#f_3--><!--F#2-->Product Key Features<!--F/--><!--F/--></h2><ul><li class><div class=""s-name""><!--F#f_3--><!--F#2-->Placement on Vehicle<!--F/--><!--F/--></div><div class=""s-value""><!--F#f_3--><!--F#2-->Front, Right, Rear<!--F/--><!--F/--></div></li><li class><div class=""s-name""><!--F#f_3--><!--F#2-->Reference OE/OEM Number<!--F/--><!--F/--></div><div class=""s-value""><!--F#f_3--><!--F#2-->13247173<!--F/--><!--F/--></div></li><li class><div class=""s-name""><!--F#f_3--><!--F#2-->Type<!--F/--><!--F/--></div><div class=""s-value""><!--F#f_3--><!--F#2-->Suspension Bushing<!--F/--><!--F/--></div></li></ul></div></section>","Product IdentifiersBrandPowerflexMPNPFF801230GTIN5055676535672UPC5055676535672eBay Product ID (ePID)2106240614Product Key FeaturesPlacement on VehicleFront, Right, RearReference OE/OEM Number13247173TypeSuspension Bushing",https://www.ebay.co.uk/
ccfb04ef-a346-57a7-a19e-28a9c846fea3,5002512010 Goetze Rocker Cover Gasket Rcg6i20 OE Replacement,https://www.ebay.co.uk/p/2111725765,"08/01/2021, 23:31:50",True,19.95,Goetze,5002512010,0613313186066,GBP,eBay ~ Vehicle Parts & Accessories ~ Car Parts ~ Engines & Engine Parts ~ Gaskets & Seals,https://i.ebayimg.com/images/g/iNgAAOSww6pgsmfc/s-l640.jpg ~ https://i.ebayimg.com/images/g/9qsAAOSwmn5gsmfc/s-l640.jpg ~ https://i.ebayimg.com/images/g/57sAAOSwZ-dgsmfb/s-l640.jpg ~ https://i.ebayimg.com/images/g/eaEAAOSwDqlgsmfb/s-l640.jpg,2111725765,"<section class=""product-spectification""><div class=""spec-row""><h2><!--F#f_3--><!--F#2-->Product Identifiers<!--F/--><!--F/--></h2><ul><li class><div class=""s-name""><!--F#f_3--><!--F#2-->Brand<!--F/--><!--F/--></div><div class=""s-value""><!--F#f_3--><!--F#2-->Goetze<!--F/--><!--F/--></div></li><li class><div class=""s-name""><!--F#f_3--><!--F#2-->MPN<!--F/--><!--F/--></div><div class=""s-value""><!--F#f_3--><!--F#2-->5002512010<!--F/--><!--F/--></div></li><li class><div class=""s-name""><!--F#f_3--><!--F#2-->GTIN<!--F/--><!--F/--></div><div class=""s-value""><!--F#f_3--><!--F#2-->0613313186066<!--F/--><!--F/--></div></li><li class><div class=""s-name""><!--F#f_3--><!--F#2-->UPC<!--F/--><!--F/--></div><div class=""s-value""><!--F#f_3--><!--F#2-->0613313186066<!--F/--><!--F/--></div></li><li class><div class=""s-name""><!--F#f_3--><!--F#2-->eBay Product ID (ePID)<!--F/--><!--F/--></div><div class=""s-value""><!--F#f_3--><!--F#2-->2111725765<!--F/--><!--F/--></div></li></ul></div><div class=""spec-row""><h2><!--F#f_3--><!--F#2-->Product Key Features<!--F/--><!--F/--></h2><ul><li class><div class=""s-name""><!--F#f_3--><!--F#2-->Classic Car Part<!--F/--><!--F/--></div><div class=""s-value""><!--F#f_3--><!--F#2-->Yes<!--F/--><!--F/--></div></li><li class><div class=""s-name""><!--F#f_3--><!--F#2-->Reference OE/OEM Number<!--F/--><!--F/--></div><div class=""s-value""><!--F#f_3--><!--F#2-->M 102.997 M 102.943 MERCEDES-BENZ VICTOR REINZ GLASER PAYEN, RUBBER 71-26396-10 553.744 X01083-01 08606 515-4119 JN607, 1020161221, M 102.981 M 102.989 M 102.945 M 102.942 M 102.946 M 102.996, 11032800 023962P 10 90 8606 99 90 1496 1522010 400 927 309, ENGINE WISH DAMAGE MADE DAF ANTIFREEZE PAPER APRIL STEEL GUM, 50-025120-10 GASKET CYLINDER HEAD REPLACE THE REPLACEMENT OE, RC3311 PG6-0068 WG1006676 WG1085334 WG1090760 WG1096934 SWAG, M 102.962 M 102.961 M 102.924 M 102.985 M 102.939 M 102.920, 1020160521, 1020160521 1020161221 0613313186066 M 102.910 M 102.921 BGA, M 102.980 M 102.922 M 102.963 M 102.982 M 102.979 M 102.987, WG1221372 WG1246765 WG1426901 WG1450181 001-10-21990 ELRING, FEBI BILSTEIN TRISCAN AJUSA CORTECO ELWIS ROYAL TOPRAN, PATRON WILMINK GROUP BBR Automotive, GASKETS LEAK REPAIR PIECE PART QUALITY BROKEN ROCKER COVER<!--F/--><!--F/--></div></li><li class><div class=""s-name""><!--F#f_3--><!--F#2-->Type<!--F/--><!--F/--></div><div class=""s-value""><!--F#f_3--><!--F#2-->Engine Gasket<!--F/--><!--F/--></div></li></ul></div></section>","Product IdentifiersBrandGoetzeMPN5002512010GTIN0613313186066UPC0613313186066eBay Product ID (ePID)2111725765Product Key FeaturesClassic Car PartYesReference OE/OEM NumberM 102.997 M 102.943 MERCEDES-BENZ VICTOR REINZ GLASER PAYEN, RUBBER 71-26396-10 553.744 X01083-01 08606 515-4119 JN607, 1020161221, M 102.981 M 102.989 M 102.945 M 102.942 M 102.946 M 102.996, 11032800 023962P 10 90 8606 99 90 1496 1522010 400 927 309, ENGINE WISH DAMAGE MADE DAF ANTIFREEZE PAPER APRIL STEEL GUM, 50-025120-10 GASKET CYLINDER HEAD REPLACE THE REPLACEMENT OE, RC3311 PG6-0068 WG1006676 WG1085334 WG1090760 WG1096934 SWAG, M 102.962 M 102.961 M 102.924 M 102.985 M 102.939 M 102.920, 1020160521, 1020160521 1020161221 0613313186066 M 102.910 M 102.921 BGA, M 102.980 M 102.922 M 102.963 M 102.982 M 102.979 M 102.987, WG1221372 WG1246765 WG1426901 WG1450181 001-10-21990 ELRING, FEBI BILSTEIN TRISCAN AJUSA CORTECO ELWIS ROYAL TOPRAN, PATRON WILMINK GROUP BBR Automotive, GASKETS LEAK REPAIR PIECE PART QUALITY BROKEN ROCKER COVERTypeEngine Gasket",https://www.ebay.co.uk/
6e81fc84-ee15-5a2c-9805-d13fb65fc98f,Frenkit Rear Brake Caliper Piston P384703 P OE Replacement,https://www.ebay.co.uk/p/2118017794,"08/01/2021, 23:31:50",True,19.95,Frenkit,P384703,,GBP,eBay ~ Vehicle Parts & Accessories ~ Car Parts ~ Brakes & Brake Parts ~ Calipers & Parts,https://i.ebayimg.com/images/g/m0oAAOSwpCJg5H-x/s-l640.jpg ~ https://i.ebayimg.com/images/g/MhYAAOSwhjZg5H-x/s-l640.jpg ~ https://i.ebayimg.com/images/g/CTsAAOSwVXRg5H-w/s-l640.jpg ~ https://i.ebayimg.com/images/g/bXgAAOSw0-9g5H-x/s-l640.jpg,2118017794,"<section class=""product-spectification""><div class=""spec-row""><h2><!--F#f_3--><!--F#2-->Product Identifiers<!--F/--><!--F/--></h2><ul><li class><div class=""s-name""><!--F#f_3--><!--F#2-->Brand<!--F/--><!--F/--></div><div class=""s-value""><!--F#f_3--><!--F#2-->Frenkit<!--F/--><!--F/--></div></li><li class><div class=""s-name""><!--F#f_3--><!--F#2-->MPN<!--F/--><!--F/--></div><div class=""s-value""><!--F#f_3--><!--F#2-->P384703<!--F/--><!--F/--></div></li><li class><div class=""s-name""><!--F#f_3--><!--F#2-->eBay Product ID (ePID)<!--F/--><!--F/--></div><div class=""s-value""><!--F#f_3--><!--F#2-->2118017794<!--F/--><!--F/--></div></li></ul></div><div class=""spec-row""><h2><!--F#f_3--><!--F#2-->Product Key Features<!--F/--><!--F/--></h2><ul><li class><div class=""s-name""><!--F#f_3--><!--F#2-->Placement on Vehicle<!--F/--><!--F/--></div><div class=""s-value""><!--F#f_3--><!--F#2-->Rear<!--F/--><!--F/--></div></li><li class><div class=""s-name""><!--F#f_3--><!--F#2-->Classic Car Part<!--F/--><!--F/--></div><div class=""s-value""><!--F#f_3--><!--F#2-->No<!--F/--><!--F/--></div></li><li class><div class=""s-name""><!--F#f_3--><!--F#2-->Reference OE/OEM Number<!--F/--><!--F/--></div><div class=""s-value""><!--F#f_3--><!--F#2-->P384703 43215TA0A51 REPAIR CALIPER BRAKE PAD PADS BRAKING OE, caliper, CU CW N22B2 R20A3 N22B1 HONDA 43215-TA0-A01 BUDWEG CALIPER 233866, SET COVER BRAKES CAR VEHICLE STOP STOPPING DISCS DISC CHANGE, RUBBER DAMAGE CORROSION WATER CYLINDER CYLINDERS QUALITY 2x, Brake, AUTOFREN SEINSA 025472 D025472, REPAIRING REPLACE REPLACEMENT NEW CALIPERS BROKEN LEAK GUM<!--F/--><!--F/--></div></li></ul></div><div class=""spec-row""><h2><!--F#f_3--><!--F#2-->Dimensions<!--F/--><!--F/--></h2><ul><li class><div class=""s-name""><!--F#f_3--><!--F#2-->Weight<!--F/--><!--F/--></div><div class=""s-value""><!--F#f_3--><!--F#2-->0.50<!--F/--><!--F/--></div></li></ul></div></section>","Product IdentifiersBrandFrenkitMPNP384703eBay Product ID (ePID)2118017794Product Key FeaturesPlacement on VehicleRearClassic Car PartNoReference OE/OEM NumberP384703 43215TA0A51 REPAIR CALIPER BRAKE PAD PADS BRAKING OE, caliper, CU CW N22B2 R20A3 N22B1 HONDA 43215-TA0-A01 BUDWEG CALIPER 233866, SET COVER BRAKES CAR VEHICLE STOP STOPPING DISCS DISC CHANGE, RUBBER DAMAGE CORROSION WATER CYLINDER CYLINDERS QUALITY 2x, Brake, AUTOFREN SEINSA 025472 D025472, REPAIRING REPLACE REPLACEMENT NEW CALIPERS BROKEN LEAK GUMDimensionsWeight0.50",https://www.ebay.co.uk/
801f7331-0145-55e3-a42c-eaa835ef060d,Bailey 539134,https://www.ebay.co.uk/p/2116220442,"08/01/2021, 23:31:51",True,20.81,Bailey,539134,,GBP,"eBay ~ Vehicle Parts & Accessories ~ Motorcycle Parts ~ Handlebars, Grips & Levers ~ Brake Levers",https://i.ebayimg.com/images/g/QU4AAOSwzCRciSp3/s-l640.jpg,2116220442,"<section class=""product-spectification""><div class=""spec-row""><h2><!--F#f_3--><!--F#2-->Product Identifiers<!--F/--><!--F/--></h2><ul><li class><div class=""s-name""><!--F#f_3--><!--F#2-->Brand<!--F/--><!--F/--></div><div class=""s-value""><!--F#f_3--><!--F#2-->Bailey<!--F/--><!--F/--></div></li><li class><div class=""s-name""><!--F#f_3--><!--F#2-->MPN<!--F/--><!--F/--></div><div class=""s-value""><!--F#f_3--><!--F#2-->539134<!--F/--><!--F/--></div></li><li class><div class=""s-name""><!--F#f_3--><!--F#2-->eBay Product ID (ePID)<!--F/--><!--F/--></div><div class=""s-value""><!--F#f_3--><!--F#2-->2116220442<!--F/--><!--F/--></div></li></ul></div><div class=""spec-row""><h2><!--F#f_3--><!--F#2-->Product Key Features<!--F/--><!--F/--></h2><ul><li class><div class=""s-name""><!--F#f_3--><!--F#2-->Colour<!--F/--><!--F/--></div><div class=""s-value""><!--F#f_3--><!--F#2-->Black<!--F/--><!--F/--></div></li><li class><div class=""s-name""><!--F#f_3--><!--F#2-->Intended Use<!--F/--><!--F/--></div><div class=""s-value""><!--F#f_3--><!--F#2-->Replacement Part<!--F/--><!--F/--></div></li></ul></div></section>",Product IdentifiersBrandBaileyMPN539134eBay Product ID (ePID)2116220442Product Key FeaturesColourBlackIntended UseReplacement Part,https://www.ebay.co.uk/
96146052-7a3c-5c48-b388-5d45e51b7470,5pcs USB Programming Cable for Hytera Pd560 Pd600 Pd508 Radio CPS DL Mode Bk,https://www.ebay.co.uk/p/2121184343,"08/01/2021, 23:31:51",True,66.27,Areyourshop,E002A0555PCS,,GBP,eBay ~ Mobile Phones & Communication ~ Radio Communication Equipment ~ Parts & Accessories ~ Other Parts & Accessories,https://i.ebayimg.com/images/g/5N4AAOSwyahgdZMZ/s-l640.jpg ~ https://i.ebayimg.com/images/g/EXcAAOSwzV5gdZMb/s-l640.jpg ~ https://i.ebayimg.com/images/g/TugAAOSwGxNgdZMc/s-l640.jpg ~ https://i.ebayimg.com/images/g/-L0AAOSwp-lgdZMd/s-l640.jpg,2121184343,"<section class=""product-spectification""><div class=""spec-row""><h2><!--F#f_3--><!--F#2-->Product Identifiers<!--F/--><!--F/--></h2><ul><li class><div class=""s-name""><!--F#f_3--><!--F#2-->Brand<!--F/--><!--F/--></div><div class=""s-value""><!--F#f_3--><!--F#2-->Areyourshop<!--F/--><!--F/--></div></li><li class><div class=""s-name""><!--F#f_3--><!--F#2-->MPN<!--F/--><!--F/--></div><div class=""s-value""><!--F#f_3--><!--F#2-->E002A0555PCS<!--F/--><!--F/--></div></li><li class><div class=""s-name""><!--F#f_3--><!--F#2-->eBay Product ID (ePID)<!--F/--><!--F/--></div><div class=""s-value""><!--F#f_3--><!--F#2-->2121184343<!--F/--><!--F/--></div></li></ul></div><div class=""spec-row""><h2><!--F#f_3--><!--F#2-->Product Key Features<!--F/--><!--F/--></h2><ul><li class><div class=""s-name""><!--F#f_3--><!--F#2-->Compatible Brand<!--F/--><!--F/--></div><div class=""s-value""><!--F#f_3--><!--F#2-->For Hytera<!--F/--><!--F/--></div></li></ul></div></section>",Product IdentifiersBrandAreyourshopMPNE002A0555PCSeBay Product ID (ePID)2121184343Product Key FeaturesCompatible BrandFor Hytera,https://www.ebay.co.uk/
6aab5b77-fcd8-5511-8516-8704dd179b41,1187901 Switch Volkswagen Touareg TDI R5 2005 ESP and Suspension 7L6927225E,https://www.ebay.co.uk/p/2111927589,"08/01/2021, 23:31:51",True,28.41,Volkswagen,7L6927225E,0000076927225,GBP,"eBay ~ Vehicle Parts & Accessories ~ Car Parts ~ Interior Parts & Furnishings ~ Knobs, Buttons & Switches",https://i.ebayimg.com/images/g/KfgAAOSwWz9fKbsH/s-l640.jpg ~ https://i.ebayimg.com/images/g/tHkAAOSwzVxfKbsH/s-l640.jpg ~ https://i.ebayimg.com/images/g/eHIAAOSwOyxfKbsH/s-l640.jpg ~ https://i.ebayimg.com/images/g/7WoAAOSwAi9fKbsH/s-l640.jpg,2111927589,"<section class=""product-spectification""><div class=""spec-row""><h2><!--F#f_3--><!--F#2-->Product Identifiers<!--F/--><!--F/--></h2><ul><li class><div class=""s-name""><!--F#f_3--><!--F#2-->Brand<!--F/--><!--F/--></div><div class=""s-value""><!--F#f_3--><!--F#2-->Volkswagen<!--F/--><!--F/--></div></li><li class><div class=""s-name""><!--F#f_3--><!--F#2-->MPN<!--F/--><!--F/--></div><div class=""s-value""><!--F#f_3--><!--F#2-->7L6927225E<!--F/--><!--F/--></div></li><li class><div class=""s-name""><!--F#f_3--><!--F#2-->GTIN<!--F/--><!--F/--></div><div class=""s-value""><!--F#f_3--><!--F#2-->0000076927225<!--F/--><!--F/--></div></li><li class><div class=""s-name""><!--F#f_3--><!--F#2-->UPC<!--F/--><!--F/--></div><div class=""s-value""><!--F#f_3--><!--F#2-->0000076927225<!--F/--><!--F/--></div></li><li class><div class=""s-name""><!--F#f_3--><!--F#2-->eBay Product ID (ePID)<!--F/--><!--F/--></div><div class=""s-value""><!--F#f_3--><!--F#2-->2111927589<!--F/--><!--F/--></div></li></ul></div><div class=""spec-row""><h2><!--F#f_3--><!--F#2-->Product Key Features<!--F/--><!--F/--></h2><ul><li class><div class=""s-name""><!--F#f_3--><!--F#2-->Placement on Vehicle<!--F/--><!--F/--></div><div class=""s-value""><!--F#f_3--><!--F#2-->Left<!--F/--><!--F/--></div></li><li class><div class=""s-name""><!--F#f_3--><!--F#2-->Classic Car Part<!--F/--><!--F/--></div><div class=""s-value""><!--F#f_3--><!--F#2-->No<!--F/--><!--F/--></div></li><li class><div class=""s-name""><!--F#f_3--><!--F#2-->Switch Type<!--F/--><!--F/--></div><div class=""s-value""><!--F#f_3--><!--F#2-->Push Button<!--F/--><!--F/--></div></li><li class><div class=""s-name""><!--F#f_3--><!--F#2-->Reference OE/OEM Number<!--F/--><!--F/--></div><div class=""s-value""><!--F#f_3--><!--F#2-->Interrupteur, Schalter, 7L6927225E, Öffner, Taster, Interruttore, Switch, Interruptores<!--F/--><!--F/--></div></li></ul></div></section>","Product IdentifiersBrandVolkswagenMPN7L6927225EGTIN0000076927225UPC0000076927225eBay Product ID (ePID)2111927589Product Key FeaturesPlacement on VehicleLeftClassic Car PartNoSwitch TypePush ButtonReference OE/OEM NumberInterrupteur, Schalter, 7L6927225E, Öffner, Taster, Interruttore, Switch, Interruptores",https://www.ebay.co.uk/
cd8c9005-0098-586b-9032-93c9c57319cc,Doctor Who The Complete Visual Collection Good Book Dorlng Kindersl,https://www.ebay.co.uk/p/2115914002,"08/01/2021, 23:31:51",True,19.99,,,9780241242506,GBP,"eBay ~ Books, Comics & Magazines ~ Books",https://i.ebayimg.com/images/g/S00AAOSwSqtcwYgD/s-l640.jpg ~ https://i.ebayimg.com/images/g/YuQAAOSwumRcwYgG/s-l640.jpg ~ https://i.ebayimg.com/images/g/-SgAAOSwRJNcwYgL/s-l640.jpg,2115914002,"<section class=""product-spectification""><div class=""spec-row""><h2><!--F#f_3--><!--F#2-->Product Identifiers<!--F/--><!--F/--></h2><ul><li class><div class=""s-name""><!--F#f_3--><!--F#2-->GTIN<!--F/--><!--F/--></div><div class=""s-value""><!--F#f_3--><!--F#2-->9780241242506<!--F/--><!--F/--></div></li><li class><div class=""s-name""><!--F#f_3--><!--F#2-->UPC<!--F/--><!--F/--></div><div class=""s-value""><!--F#f_3--><!--F#2-->9780241242506<!--F/--><!--F/--></div></li><li class><div class=""s-name""><!--F#f_3--><!--F#2-->eBay Product ID (ePID)<!--F/--><!--F/--></div><div class=""s-value""><!--F#f_3--><!--F#2-->2115914002<!--F/--><!--F/--></div></li></ul></div><div class=""spec-row""><h2><!--F#f_3--><!--F#2-->Product Key Features<!--F/--><!--F/--></h2><ul><li class><div class=""s-name""><!--F#f_3--><!--F#2-->Book Series<!--F/--><!--F/--></div><div class=""s-value""><!--F#f_3--><!--F#2-->Doctor Who<!--F/--><!--F/--></div></li><li class><div class=""s-name""><!--F#f_3--><!--F#2-->Format<!--F/--><!--F/--></div><div class=""s-value""><!--F#f_3--><!--F#2-->Hardcover<!--F/--><!--F/--></div></li><li class><div class=""s-name""><!--F#f_3--><!--F#2-->Topic<!--F/--><!--F/--></div><div class=""s-value""><!--F#f_3--><!--F#2-->Collectibles, Books, Doctors, Fasting<!--F/--><!--F/--></div></li><li class><div class=""s-name""><!--F#f_3--><!--F#2-->Narrative Type<!--F/--><!--F/--></div><div class=""s-value""><!--F#f_3--><!--F#2-->Fiction<!--F/--><!--F/--></div></li><li class><div class=""s-name""><!--F#f_3--><!--F#2-->Publication Year<!--F/--><!--F/--></div><div class=""s-value""><!--F#f_3--><!--F#2-->2016<!--F/--><!--F/--></div></li></ul></div></section>","Product IdentifiersGTIN9780241242506UPC9780241242506eBay Product ID (ePID)2115914002Product Key FeaturesBook SeriesDoctor WhoFormatHardcoverTopicCollectibles, Books, Doctors, FastingNarrative TypeFictionPublication Year2016",https://www.ebay.co.uk/
c9771c05-5b6e-5c2b-9764-5b8efba905e7,Mercedes-Benz A6512000556,https://www.ebay.co.uk/p/2120960507,"08/01/2021, 23:31:51",True,13.99,Mercedes-Benz,A6512000556,,GBP,eBay ~ Vehicle Parts & Accessories ~ Car Parts ~ Engine Cooling ~ Hoses & Clamps,https://i.ebayimg.com/images/g/gJMAAOSw1i9gKphi/s-l640.jpg ~ https://i.ebayimg.com/images/g/wgoAAOSwBS5gKphj/s-l640.jpg,2120960507,"<section class=""product-spectification""><div class=""spec-row""><h2><!--F#f_3--><!--F#2-->Product Identifiers<!--F/--><!--F/--></h2><ul><li class><div class=""s-name""><!--F#f_3--><!--F#2-->Brand<!--F/--><!--F/--></div><div class=""s-value""><!--F#f_3--><!--F#2-->Mercedes-Benz<!--F/--><!--F/--></div></li><li class><div class=""s-name""><!--F#f_3--><!--F#2-->MPN<!--F/--><!--F/--></div><div class=""s-value""><!--F#f_3--><!--F#2-->A6512000556<!--F/--><!--F/--></div></li><li class><div class=""s-name""><!--F#f_3--><!--F#2-->eBay Product ID (ePID)<!--F/--><!--F/--></div><div class=""s-value""><!--F#f_3--><!--F#2-->2120960507<!--F/--><!--F/--></div></li></ul></div><div class=""spec-row""><h2><!--F#f_3--><!--F#2-->Product Key Features<!--F/--><!--F/--></h2><ul><li class><div class=""s-name""><!--F#f_3--><!--F#2-->Classic Car Part<!--F/--><!--F/--></div><div class=""s-value""><!--F#f_3--><!--F#2-->No<!--F/--><!--F/--></div></li><li class><div class=""s-name""><!--F#f_3--><!--F#2-->Reference OE/OEM Number<!--F/--><!--F/--></div><div class=""s-value""><!--F#f_3--><!--F#2-->A6512000556, Benz<!--F/--><!--F/--></div></li><li class><div class=""s-name""><!--F#f_3--><!--F#2-->Type<!--F/--><!--F/--></div><div class=""s-value""><!--F#f_3--><!--F#2-->Hose<!--F/--><!--F/--></div></li></ul></div></section>","Product IdentifiersBrandMercedes-BenzMPNA6512000556eBay Product ID (ePID)2120960507Product Key FeaturesClassic Car PartNoReference OE/OEM NumberA6512000556, BenzTypeHose",https://www.ebay.co.uk/
7848de9a-bdb5-5aca-99a7-15859f32ed73,Opel MERIVA Front Screen Wiper Engine 2004 23003807,https://www.ebay.co.uk/p/2121363578,"08/01/2021, 23:31:51",True,171.43,Opel,23003807,,GBP,eBay ~ Vehicle Parts & Accessories ~ Car Parts ~ Windscreen Wipers & Washers ~ Wiper Motors,https://i.ebayimg.com/images/g/ed8AAOSw4tNgGXeK/s-l640.jpg,2121363578,"<section class=""product-spectification""><div class=""spec-row""><h2><!--F#f_3--><!--F#2-->Product Identifiers<!--F/--><!--F/--></h2><ul><li class><div class=""s-name""><!--F#f_3--><!--F#2-->Brand<!--F/--><!--F/--></div><div class=""s-value""><!--F#f_3--><!--F#2-->Opel<!--F/--><!--F/--></div></li><li class><div class=""s-name""><!--F#f_3--><!--F#2-->MPN<!--F/--><!--F/--></div><div class=""s-value""><!--F#f_3--><!--F#2-->23003807<!--F/--><!--F/--></div></li><li class><div class=""s-name""><!--F#f_3--><!--F#2-->eBay Product ID (ePID)<!--F/--><!--F/--></div><div class=""s-value""><!--F#f_3--><!--F#2-->2121363578<!--F/--><!--F/--></div></li></ul></div><div class=""spec-row""><h2><!--F#f_3--><!--F#2-->Product Key Features<!--F/--><!--F/--></h2><ul><li class><div class=""s-name""><!--F#f_3--><!--F#2-->Placement on Vehicle<!--F/--><!--F/--></div><div class=""s-value""><!--F#f_3--><!--F#2-->Front<!--F/--><!--F/--></div></li><li class><div class=""s-name""><!--F#f_3--><!--F#2-->Reference OE/OEM Number<!--F/--><!--F/--></div><div class=""s-value""><!--F#f_3--><!--F#2-->WIPER, Motor<!--F/--><!--F/--></div></li></ul></div></section>","Product IdentifiersBrandOpelMPN23003807eBay Product ID (ePID)2121363578Product Key FeaturesPlacement on VehicleFrontReference OE/OEM NumberWIPER, Motor",https://www.ebay.co.uk/
eb3fc2aa-3e78-5778-8e86-73b284890a0a,Tail Light Ford Kuga 2012-2019 Driver Side Rear Lamp Mk2 Right Inner 0001531403,https://www.ebay.co.uk/p/2123109684,"08/01/2021, 23:31:51",True,34.99,Ford,CV4413A602AG,,GBP,eBay ~ Vehicle Parts & Accessories ~ Car Parts ~ External Lights & Indicators ~ Rear Light Assemblies,https://i.ebayimg.com/images/g/Mt4AAOSw65Ngrg8x/s-l640.jpg ~ https://i.ebayimg.com/images/g/QOEAAOSw8CNgrg8z/s-l640.jpg ~ https://i.ebayimg.com/images/g/DvUAAOSwk9Bgrg80/s-l640.jpg ~ https://i.ebayimg.com/images/g/duAAAOSwOyRgrg82/s-l640.jpg,2123109684,"<section class=""product-spectification""><div class=""spec-row""><h2><!--F#f_3--><!--F#2-->Product Identifiers<!--F/--><!--F/--></h2><ul><li class><div class=""s-name""><!--F#f_3--><!--F#2-->Brand<!--F/--><!--F/--></div><div class=""s-value""><!--F#f_3--><!--F#2-->Ford<!--F/--><!--F/--></div></li><li class><div class=""s-name""><!--F#f_3--><!--F#2-->MPN<!--F/--><!--F/--></div><div class=""s-value""><!--F#f_3--><!--F#2-->CV4413A602AG<!--F/--><!--F/--></div></li><li class><div class=""s-name""><!--F#f_3--><!--F#2-->eBay Product ID (ePID)<!--F/--><!--F/--></div><div class=""s-value""><!--F#f_3--><!--F#2-->2123109684<!--F/--><!--F/--></div></li></ul></div><div class=""spec-row""><h2><!--F#f_3--><!--F#2-->Product Key Features<!--F/--><!--F/--></h2><ul><li class><div class=""s-name""><!--F#f_3--><!--F#2-->Vehicle Identification Number (VIN)<!--F/--><!--F/--></div><div class=""s-value""><!--F#f_3--><!--F#2-->WF0AXXWPMAFJ75653<!--F/--><!--F/--></div></li><li class><div class=""s-name""><!--F#f_3--><!--F#2-->Classic Car Part<!--F/--><!--F/--></div><div class=""s-value""><!--F#f_3--><!--F#2-->No<!--F/--><!--F/--></div></li><li class><div class=""s-name""><!--F#f_3--><!--F#2-->Placement on Vehicle<!--F/--><!--F/--></div><div class=""s-value""><!--F#f_3--><!--F#2-->Left, Right<!--F/--><!--F/--></div></li><li class><div class=""s-name""><!--F#f_3--><!--F#2-->Type<!--F/--><!--F/--></div><div class=""s-value""><!--F#f_3--><!--F#2-->Rear Light Assembly<!--F/--><!--F/--></div></li></ul></div></section>","Product IdentifiersBrandFordMPNCV4413A602AGeBay Product ID (ePID)2123109684Product Key FeaturesVehicle Identification Number (VIN)WF0AXXWPMAFJ75653Classic Car PartNoPlacement on VehicleLeft, RightTypeRear Light Assembly",https://www.ebay.co.uk/
034658ec-3c47-54a3-9971-98bb81675abf,735367268 Unit of Control Adjustment Lights and Fiat Grande PUNTO 1.2 48kw 5,https://www.ebay.co.uk/p/2123662730,"08/01/2021, 23:31:51",True,18.0,Fiat,735367268,,GBP,"eBay ~ Vehicle Parts & Accessories ~ Car Parts ~ Interior Parts & Furnishings ~ Knobs, Buttons & Switches",https://i.ebayimg.com/images/g/-B4AAOSwq7Vg8XSY/s-l640.jpg ~ https://i.ebayimg.com/images/g/FzUAAOSwtvNg8XSY/s-l640.jpg ~ https://i.ebayimg.com/images/g/-o4AAOSwTRBg8XSY/s-l640.jpg,2123662730,"<section class=""product-spectification""><div class=""spec-row""><h2><!--F#f_3--><!--F#2-->Product Identifiers<!--F/--><!--F/--></h2><ul><li class><div class=""s-name""><!--F#f_3--><!--F#2-->Brand<!--F/--><!--F/--></div><div class=""s-value""><!--F#f_3--><!--F#2-->Fiat<!--F/--><!--F/--></div></li><li class><div class=""s-name""><!--F#f_3--><!--F#2-->MPN<!--F/--><!--F/--></div><div class=""s-value""><!--F#f_3--><!--F#2-->735367268<!--F/--><!--F/--></div></li><li class><div class=""s-name""><!--F#f_3--><!--F#2-->eBay Product ID (ePID)<!--F/--><!--F/--></div><div class=""s-value""><!--F#f_3--><!--F#2-->2123662730<!--F/--><!--F/--></div></li></ul></div><div class=""spec-row""><h2><!--F#f_3--><!--F#2-->Product Key Features<!--F/--><!--F/--></h2><ul><li class><div class=""s-name""><!--F#f_3--><!--F#2-->Classic Car Part<!--F/--><!--F/--></div><div class=""s-value""><!--F#f_3--><!--F#2-->No<!--F/--><!--F/--></div></li><li class><div class=""s-name""><!--F#f_3--><!--F#2-->Reference OE/OEM Number<!--F/--><!--F/--></div><div class=""s-value""><!--F#f_3--><!--F#2-->Interruttore, Schalter, Interrupteur, Taster, Interruptores, Öffner, 735367268, Switch<!--F/--><!--F/--></div></li><li class><div class=""s-name""><!--F#f_3--><!--F#2-->Placement on Vehicle<!--F/--><!--F/--></div><div class=""s-value""><!--F#f_3--><!--F#2-->Rear, Left, Front<!--F/--><!--F/--></div></li><li class><div class=""s-name""><!--F#f_3--><!--F#2-->Switch Type<!--F/--><!--F/--></div><div class=""s-value""><!--F#f_3--><!--F#2-->Push Button<!--F/--><!--F/--></div></li></ul></div></section>","Product IdentifiersBrandFiatMPN735367268eBay Product ID (ePID)2123662730Product Key FeaturesClassic Car PartNoReference OE/OEM NumberInterruttore, Schalter, Interrupteur, Taster, Interruptores, Öffner, 735367268, SwitchPlacement on VehicleRear, Left, FrontSwitch TypePush Button",https://www.ebay.co.uk/
8ee95613-c205-53fd-8282-8ae406621439,Subaru Forester SF 1998 Other Relay 1567001020 Ker773,https://www.ebay.co.uk/p/2123728090,"08/01/2021, 23:31:52",True,3.99,Subaru,1567001020,,GBP,eBay ~ Vehicle Parts & Accessories ~ Car Parts ~ Electrical Components ~ Relays,https://i.ebayimg.com/images/g/aTwAAOSwC-1gWGab/s-l640.jpg,2123728090,"<section class=""product-spectification""><div class=""spec-row""><h2><!--F#f_3--><!--F#2-->Product Identifiers<!--F/--><!--F/--></h2><ul><li class><div class=""s-name""><!--F#f_3--><!--F#2-->Brand<!--F/--><!--F/--></div><div class=""s-value""><!--F#f_3--><!--F#2-->Subaru<!--F/--><!--F/--></div></li><li class><div class=""s-name""><!--F#f_3--><!--F#2-->MPN<!--F/--><!--F/--></div><div class=""s-value""><!--F#f_3--><!--F#2-->1567001020<!--F/--><!--F/--></div></li><li class><div class=""s-name""><!--F#f_3--><!--F#2-->eBay Product ID (ePID)<!--F/--><!--F/--></div><div class=""s-value""><!--F#f_3--><!--F#2-->2123728090<!--F/--><!--F/--></div></li></ul></div><div class=""spec-row""><h2><!--F#f_3--><!--F#2-->Product Key Features<!--F/--><!--F/--></h2><ul><li class><div class=""s-name""><!--F#f_3--><!--F#2-->No. of Pins<!--F/--><!--F/--></div><div class=""s-value""><!--F#f_3--><!--F#2-->4<!--F/--><!--F/--></div></li><li class><div class=""s-name""><!--F#f_3--><!--F#2-->Classic Car Part<!--F/--><!--F/--></div><div class=""s-value""><!--F#f_3--><!--F#2-->No<!--F/--><!--F/--></div></li><li class><div class=""s-name""><!--F#f_3--><!--F#2-->Reference OE/OEM Number<!--F/--><!--F/--></div><div class=""s-value""><!--F#f_3--><!--F#2-->1567001020, 156700-1020<!--F/--><!--F/--></div></li><li class><div class=""s-name""><!--F#f_3--><!--F#2-->Rated Voltage<!--F/--><!--F/--></div><div class=""s-value""><!--F#f_3--><!--F#2-->12 V<!--F/--><!--F/--></div></li></ul></div></section>","Product IdentifiersBrandSubaruMPN1567001020eBay Product ID (ePID)2123728090Product Key FeaturesNo. of Pins4Classic Car PartNoReference OE/OEM Number1567001020, 156700-1020Rated Voltage12 V",https://www.ebay.co.uk/
6ffb4f18-d2fd-5e2b-bdcb-2e7d95f7d493,Pokemon Center Original 6 12 Inh Plush Popplio Ashimari,https://www.ebay.co.uk/p/2127324842,"08/01/2021, 23:31:52",True,24.43,Pokémon,,4521329202556,GBP,eBay ~ Toys & Games ~ Action Figures & Accessories ~ Action Figures,https://i.ebayimg.com/images/g/QocAAOSw~sBeQd~1/s-l640.jpg ~ https://i.ebayimg.com/images/g/XWoAAOSwktpfnFRA/s-l64.jpg,2127324842,"<section class=""product-spectification""><div class=""spec-row""><h2><!--F#f_3--><!--F#2-->Product Identifiers<!--F/--><!--F/--></h2><ul><li class><div class=""s-name""><!--F#f_3--><!--F#2-->Brand<!--F/--><!--F/--></div><div class=""s-value""><!--F#f_3--><!--F#2-->Pokémon<!--F/--><!--F/--></div></li><li class><div class=""s-name""><!--F#f_3--><!--F#2-->GTIN<!--F/--><!--F/--></div><div class=""s-value""><!--F#f_3--><!--F#2-->4521329202556<!--F/--><!--F/--></div></li><li class><div class=""s-name""><!--F#f_3--><!--F#2-->UPC<!--F/--><!--F/--></div><div class=""s-value""><!--F#f_3--><!--F#2-->4521329202556<!--F/--><!--F/--></div></li><li class><div class=""s-name""><!--F#f_3--><!--F#2-->eBay Product ID (ePID)<!--F/--><!--F/--></div><div class=""s-value""><!--F#f_3--><!--F#2-->2127324842<!--F/--><!--F/--></div></li></ul></div><div class=""spec-row""><h2><!--F#f_3--><!--F#2-->Product Key Features<!--F/--><!--F/--></h2><ul><li class><div class=""s-name""><!--F#f_3--><!--F#2-->Year Manufactured<!--F/--><!--F/--></div><div class=""s-value""><!--F#f_3--><!--F#2-->2016<!--F/--><!--F/--></div></li><li class><div class=""s-name""><!--F#f_3--><!--F#2-->Character<!--F/--><!--F/--></div><div class=""s-value""><!--F#f_3--><!--F#2-->Pikachu, Monster<!--F/--><!--F/--></div></li><li class><div class=""s-name""><!--F#f_3--><!--F#2-->Vintage<!--F/--><!--F/--></div><div class=""s-value""><!--F#f_3--><!--F#2-->No<!--F/--><!--F/--></div></li><li class><div class=""s-name""><!--F#f_3--><!--F#2-->Original/Licensed Reproduction<!--F/--><!--F/--></div><div class=""s-value""><!--F#f_3--><!--F#2-->Original<!--F/--><!--F/--></div></li><li class><div class=""s-name""><!--F#f_3--><!--F#2-->Material<!--F/--><!--F/--></div><div class=""s-value""><!--F#f_3--><!--F#2-->Plush<!--F/--><!--F/--></div></li><li class><div class=""s-name""><!--F#f_3--><!--F#2-->Franchise<!--F/--><!--F/--></div><div class=""s-value""><!--F#f_3--><!--F#2-->Pokémon<!--F/--><!--F/--></div></li><li class><div class=""s-name""><!--F#f_3--><!--F#2-->Theme<!--F/--><!--F/--></div><div class=""s-value""><!--F#f_3--><!--F#2-->TV, Movie &amp; Video Games<!--F/--><!--F/--></div></li></ul></div><div class=""spec-row""><h2><!--F#f_3--><!--F#2-->Dimensions<!--F/--><!--F/--></h2><ul><li class><div class=""s-name""><!--F#f_3--><!--F#2-->Item Height<!--F/--><!--F/--></div><div class=""s-value""><!--F#f_3--><!--F#2-->3 years and up<!--F/--><!--F/--></div></li><li class><div class=""s-name""><!--F#f_3--><!--F#2-->Item Weight<!--F/--><!--F/--></div><div class=""s-value""><!--F#f_3--><!--F#2-->59 g<!--F/--><!--F/--></div></li></ul></div></section>","Product IdentifiersBrandPokémonGTIN4521329202556UPC4521329202556eBay Product ID (ePID)2127324842Product Key FeaturesYear Manufactured2016CharacterPikachu, MonsterVintageNoOriginal/Licensed ReproductionOriginalMaterialPlushFranchisePokémonThemeTV, Movie & Video GamesDimensionsItem Height3 years and upItem Weight59 g",https://www.ebay.co.uk/
2cd368c2-b273-5119-a3c9-8c533f965cd5,MotoBatt Battery Mb2.5u Honda CB 125 RS 1983,https://www.ebay.co.uk/p/2126278568,"08/01/2021, 23:31:52",True,25.99,MotoBatt,813025,,GBP,eBay ~ Vehicle Parts & Accessories ~ Motorcycle Parts ~ Electrical & Ignition Parts ~ Batteries,https://i.ebayimg.com/images/g/UX8AAOSwCkxdK9gv/s-l640.jpg,2126278568,"<section class=""product-spectification""><div class=""spec-row""><h2><!--F#f_3--><!--F#2-->Product Identifiers<!--F/--><!--F/--></h2><ul><li class><div class=""s-name""><!--F#f_3--><!--F#2-->Brand<!--F/--><!--F/--></div><div class=""s-value""><!--F#f_3--><!--F#2-->MotoBatt<!--F/--><!--F/--></div></li><li class><div class=""s-name""><!--F#f_3--><!--F#2-->Manufacturer Part Number<!--F/--><!--F/--></div><div class=""s-value""><!--F#f_3--><!--F#2-->813025<!--F/--><!--F/--></div></li><li class><div class=""s-name""><!--F#f_3--><!--F#2-->eBay Product ID (ePID)<!--F/--><!--F/--></div><div class=""s-value""><!--F#f_3--><!--F#2-->2126278568<!--F/--><!--F/--></div></li></ul></div><div class=""spec-row""><h2><!--F#f_3--><!--F#2-->Product Key Features<!--F/--><!--F/--></h2><ul><li class><div class=""s-name""><!--F#f_3--><!--F#2-->Intended Use<!--F/--><!--F/--></div><div class=""s-value""><!--F#f_3--><!--F#2-->Replacement Part<!--F/--><!--F/--></div></li></ul></div></section>",Product IdentifiersBrandMotoBattManufacturer Part Number813025eBay Product ID (ePID)2126278568Product Key FeaturesIntended UseReplacement Part,https://www.ebay.co.uk/
a37339b3-c3ec-5758-9156-d2565965fda5,Water Pump for Ford Nissan MAGNETI MARELLI 352316170798,https://www.ebay.co.uk/p/2129548280,"08/01/2021, 23:31:52",True,91.0,Magneti Marelli,352316170798,8001063604138,GBP,eBay ~ Vehicle Parts & Accessories ~ Car Parts ~ Engine Cooling ~ Water Pumps,https://i.ebayimg.com/images/g/yqEAAOSwN21f4PH2/s-l640.jpg ~ https://i.ebayimg.com/images/g/7pwAAOSwDJRgPhJV/s-l640.jpg ~ https://i.ebayimg.com/images/g/M1UAAOSwjyRgPhJV/s-l640.jpg,2129548280,"<section class=""product-spectification""><div class=""spec-row""><h2><!--F#f_3--><!--F#2-->Product Identifiers<!--F/--><!--F/--></h2><ul><li class><div class=""s-name""><!--F#f_3--><!--F#2-->Brand<!--F/--><!--F/--></div><div class=""s-value""><!--F#f_3--><!--F#2-->Magneti Marelli<!--F/--><!--F/--></div></li><li class><div class=""s-name""><!--F#f_3--><!--F#2-->MPN<!--F/--><!--F/--></div><div class=""s-value""><!--F#f_3--><!--F#2-->352316170798<!--F/--><!--F/--></div></li><li class><div class=""s-name""><!--F#f_3--><!--F#2-->GTIN<!--F/--><!--F/--></div><div class=""s-value""><!--F#f_3--><!--F#2-->8001063604138<!--F/--><!--F/--></div></li><li class><div class=""s-name""><!--F#f_3--><!--F#2-->UPC<!--F/--><!--F/--></div><div class=""s-value""><!--F#f_3--><!--F#2-->8001063604138<!--F/--><!--F/--></div></li><li class><div class=""s-name""><!--F#f_3--><!--F#2-->eBay Product ID (ePID)<!--F/--><!--F/--></div><div class=""s-value""><!--F#f_3--><!--F#2-->2129548280<!--F/--><!--F/--></div></li></ul></div><div class=""spec-row""><h2><!--F#f_3--><!--F#2-->Product Key Features<!--F/--><!--F/--></h2><ul><li class><div class=""s-name""><!--F#f_3--><!--F#2-->Reference OE/OEM Number<!--F/--><!--F/--></div><div class=""s-value""><!--F#f_3--><!--F#2-->352316170798 2101080G25 NEW REPLACE REPLACEMENT ENGINE METAL, PA12157 GK 987356 GMB GWN65AF 210100F002 GP PA1203 GRAF PA930, THERMOTEC D11036TT TRISCAN 860014011 VAICO V3850007 VALEO, FORD 1962610 2101062404 2101080601 2101080625 2101080626, 2101080627 2101080628 2101080685 2101080689 1953221 1962775 GGT, N129 N120 FAI AUTOPARTS WP6314 FENOX HB4523 FIRST LINE FWP1623, COOLING ANTIFREEZE PROPELER ALUMINIUM PLASTIC GASKET RUBBER, QUALITY REPAIR FULL SERVICE CAM BELT TIMING LEAKING POMP OE, DIESEL CIRCULATION MOTOR 600000043160 8MP 376 803-071 WP91, TD27TI MAGNETI MARELLI HELLA HERTH+BUSS JAKOPARTS KAVO PARTS, WILMINK GROUP, Water, BEHR HELLA SERVICE HUTCHINSON BLUE PRINT ASHUKI FORD NISSAN, 2101080G28 2101080G29 2101080G85 21010G2404 8001063604138, 1962610 2101062404 2101080601 2101080625 2101080626 1953221, 2101080627 2101080628 2101080685 2101080689 210100F001 TD27T, 210100F002 210100F003 2101080G01 2101080G26 2101080G27 TD27E, ADN19147 BORG &amp; BECK BWP1623 CAR 332057 CIFAM 824932 COJALI, 506733 506733/506660, J1511036 NW-2234 ADN19147 0453-6301 0453-6601 WG1465717 TD27<!--F/--><!--F/--></div></li></ul></div></section>","Product IdentifiersBrandMagneti MarelliMPN352316170798GTIN8001063604138UPC8001063604138eBay Product ID (ePID)2129548280Product Key FeaturesReference OE/OEM Number352316170798 2101080G25 NEW REPLACE REPLACEMENT ENGINE METAL, PA12157 GK 987356 GMB GWN65AF 210100F002 GP PA1203 GRAF PA930, THERMOTEC D11036TT TRISCAN 860014011 VAICO V3850007 VALEO, FORD 1962610 2101062404 2101080601 2101080625 2101080626, 2101080627 2101080628 2101080685 2101080689 1953221 1962775 GGT, N129 N120 FAI AUTOPARTS WP6314 FENOX HB4523 FIRST LINE FWP1623, COOLING ANTIFREEZE PROPELER ALUMINIUM PLASTIC GASKET RUBBER, QUALITY REPAIR FULL SERVICE CAM BELT TIMING LEAKING POMP OE, DIESEL CIRCULATION MOTOR 600000043160 8MP 376 803-071 WP91, TD27TI MAGNETI MARELLI HELLA HERTH+BUSS JAKOPARTS KAVO PARTS, WILMINK GROUP, Water, BEHR HELLA SERVICE HUTCHINSON BLUE PRINT ASHUKI FORD NISSAN, 2101080G28 2101080G29 2101080G85 21010G2404 8001063604138, 1962610 2101062404 2101080601 2101080625 2101080626 1953221, 2101080627 2101080628 2101080685 2101080689 210100F001 TD27T, 210100F002 210100F003 2101080G01 2101080G26 2101080G27 TD27E, ADN19147 BORG & BECK BWP1623 CAR 332057 CIFAM 824932 COJALI, 506733 506733/506660, J1511036 NW-2234 ADN19147 0453-6301 0453-6601 WG1465717 TD27",https://www.ebay.co.uk/
fd37a003-b4a1-597c-8fcd-9df6b8559757,Electric Fuel Pump Feed Unit MAGNETI MARELLI 313011300005 G for VOLVO V70 I 850,https://www.ebay.co.uk/p/2126619776,"08/01/2021, 23:31:52",True,27.66,Magneti Marelli,313011300005,8001063694528,GBP,eBay ~ Vehicle Parts & Accessories ~ Car Parts ~ Air Intake & Fuel Delivery ~ Fuel Pumps,https://i.ebayimg.com/images/g/6WUAAOSwsB5c~toj/s-l640.jpg,2126619776,"<section class=""product-spectification""><div class=""spec-row""><h2><!--F#f_3--><!--F#2-->Product Identifiers<!--F/--><!--F/--></h2><ul><li class><div class=""s-name""><!--F#f_3--><!--F#2-->Brand<!--F/--><!--F/--></div><div class=""s-value""><!--F#f_3--><!--F#2-->Magneti Marelli<!--F/--><!--F/--></div></li><li class><div class=""s-name""><!--F#f_3--><!--F#2-->MPN<!--F/--><!--F/--></div><div class=""s-value""><!--F#f_3--><!--F#2-->313011300005<!--F/--><!--F/--></div></li><li class><div class=""s-name""><!--F#f_3--><!--F#2-->GTIN<!--F/--><!--F/--></div><div class=""s-value""><!--F#f_3--><!--F#2-->8001063694528<!--F/--><!--F/--></div></li><li class><div class=""s-name""><!--F#f_3--><!--F#2-->UPC<!--F/--><!--F/--></div><div class=""s-value""><!--F#f_3--><!--F#2-->8001063694528<!--F/--><!--F/--></div></li><li class><div class=""s-name""><!--F#f_3--><!--F#2-->eBay Product ID (ePID)<!--F/--><!--F/--></div><div class=""s-value""><!--F#f_3--><!--F#2-->2126619776<!--F/--><!--F/--></div></li></ul></div><div class=""spec-row""><h2><!--F#f_3--><!--F#2-->Product Key Features<!--F/--><!--F/--></h2><ul><li class><div class=""s-name""><!--F#f_3--><!--F#2-->Fuel Pump Type<!--F/--><!--F/--></div><div class=""s-value""><!--F#f_3--><!--F#2-->Electrical<!--F/--><!--F/--></div></li><li class><div class=""s-name""><!--F#f_3--><!--F#2-->Classic Car Part<!--F/--><!--F/--></div><div class=""s-value""><!--F#f_3--><!--F#2-->Yes<!--F/--><!--F/--></div></li><li class><div class=""s-name""><!--F#f_3--><!--F#2-->Reference OE/OEM Number<!--F/--><!--F/--></div><div class=""s-value""><!--F#f_3--><!--F#2-->ADM56823 ADT36830 ADT36831 ADT36838 ADT36845 B600-10 B600-20, 23220-20020, 23220-03020, 0580453465, 313011300005 ELECTRIC FUEL TANK PUMP BAR REPLACE REPLACEMENT, 70116 70116A2 70408 70427 70460 70460A2 70465 74213 7506385, B600-22 B600-25 B600-40 B600-43 B600-52 DFP-0102 DFP-0103, 23220-03020 23220-03030 23220-03040 23220-20020 2322003020, 313011300097 313011300103 313011300217 313011303051 313011303103, 23220-03040 23220-20020 23221-00010 23221-03010 23221-11050, EP343, 7.03794.18.0 7.05355.02.0 7.05656.10.0 70027 70027A2 70030 70031, EFP-9005 EFP-9006 EFP260 EFP277 EFP295 EFP303 EFP306 EFP316, 2322003020, 23220-03030, 770001 770002 770042 770057 770059 770062 770064 770065 770067, FE0186 FE0326 FE0359 FE0362 FE0374 FE0375 FE0402 FE0449-12B1, Chrysler In-Line Petrol Gas Diesel injection external repair, 0 580 453 465, 23221-03010, 23221-16490, 2322100010, 2322111050, 23220-03040, replace replacement new genuine OE quality 0480-1205 0480-1602, 2322116490, INLINE J1602040 ADT36845 0480-1602 23220-03020 23220-03030, J1602061 LFP019 LFP029 LFP046 LFP049 LFP052 PB-240 QFP820 T160A63, 7506393 7506393/1 7506416 7506539 76385 76393 76393/1 76416 76539, 2322003030, 2250008 2250032 2250162 22711 310002302007 313011300004, 2322003030 2322003040 2322020020 23221-00010 23221-03010, 38916 38930 431338020000 431338030000 431338050000 431338080000, 2322003040, EP430, 76385, 770082 770161 770162 770164 770178 770183 820793 820794, UL3S, 313011300038 313011300039 313011300040 313011300044 313011300080, 23221-11050, 05-02-240 05240 0580453460 0580454145 0986580013 0986AG1303, 23221-00010, 940016021900 993-784-025X ADC46825 ADG06804 ADG06816 ADG06819, TOYOTA|2322003030|504, 313011303471 31643 347245 347249 347251 38856 38887 38905 38913, 2322146010, FE0580-12B1 FP2088 FP2141 FP2163 FP2174 FP2177 FP2183 J1602040, 0 580 453 427, U160L01 V40-09-0002 V52-09-0013 V70-09-0002 V99-09-0002 ASAM, 2322020020, Mazda Alfa Romeo Mitsubishi Lada Jaguar KIA Fiat Lancia Dodge, 0580453408, 2322103010, 1215200300 133303 133305 133353 133362 133489 133491 205627, F000TE1707 FDB1086 FDB1126 FDB1756 FE0181 FE0181-11B1 FE0182, 23221-11050 23221-16490 23221-46010 2322100010 2322103010, 2322111050 2322116490 2322146010 Opel Volvo Honda Nissan Hyundai, 219045349908 219045349965 219900000025 219900000026 219900000032, 0580453427, 0 580 453 408, Meat, 431338100000 431350010000 600000048300 600000048370 6149190005, INJECTION BARS PETROL DIESEL NEW OE QUALITY ASSEMBLY MODULE, 23221-46010, EP469<!--F/--><!--F/--></div></li></ul></div></section>","Product IdentifiersBrandMagneti MarelliMPN313011300005GTIN8001063694528UPC8001063694528eBay Product ID (ePID)2126619776Product Key FeaturesFuel Pump TypeElectricalClassic Car PartYesReference OE/OEM NumberADM56823 ADT36830 ADT36831 ADT36838 ADT36845 B600-10 B600-20, 23220-20020, 23220-03020, 0580453465, 313011300005 ELECTRIC FUEL TANK PUMP BAR REPLACE REPLACEMENT, 70116 70116A2 70408 70427 70460 70460A2 70465 74213 7506385, B600-22 B600-25 B600-40 B600-43 B600-52 DFP-0102 DFP-0103, 23220-03020 23220-03030 23220-03040 23220-20020 2322003020, 313011300097 313011300103 313011300217 313011303051 313011303103, 23220-03040 23220-20020 23221-00010 23221-03010 23221-11050, EP343, 7.03794.18.0 7.05355.02.0 7.05656.10.0 70027 70027A2 70030 70031, EFP-9005 EFP-9006 EFP260 EFP277 EFP295 EFP303 EFP306 EFP316, 2322003020, 23220-03030, 770001 770002 770042 770057 770059 770062 770064 770065 770067, FE0186 FE0326 FE0359 FE0362 FE0374 FE0375 FE0402 FE0449-12B1, Chrysler In-Line Petrol Gas Diesel injection external repair, 0 580 453 465, 23221-03010, 23221-16490, 2322100010, 2322111050, 23220-03040, replace replacement new genuine OE quality 0480-1205 0480-1602, 2322116490, INLINE J1602040 ADT36845 0480-1602 23220-03020 23220-03030, J1602061 LFP019 LFP029 LFP046 LFP049 LFP052 PB-240 QFP820 T160A63, 7506393 7506393/1 7506416 7506539 76385 76393 76393/1 76416 76539, 2322003030, 2250008 2250032 2250162 22711 310002302007 313011300004, 2322003030 2322003040 2322020020 23221-00010 23221-03010, 38916 38930 431338020000 431338030000 431338050000 431338080000, 2322003040, EP430, 76385, 770082 770161 770162 770164 770178 770183 820793 820794, UL3S, 313011300038 313011300039 313011300040 313011300044 313011300080, 23221-11050, 05-02-240 05240 0580453460 0580454145 0986580013 0986AG1303, 23221-00010, 940016021900 993-784-025X ADC46825 ADG06804 ADG06816 ADG06819, TOYOTA|2322003030|504, 313011303471 31643 347245 347249 347251 38856 38887 38905 38913, 2322146010, FE0580-12B1 FP2088 FP2141 FP2163 FP2174 FP2177 FP2183 J1602040, 0 580 453 427, U160L01 V40-09-0002 V52-09-0013 V70-09-0002 V99-09-0002 ASAM, 2322020020, Mazda Alfa Romeo Mitsubishi Lada Jaguar KIA Fiat Lancia Dodge, 0580453408, 2322103010, 1215200300 133303 133305 133353 133362 133489 133491 205627, F000TE1707 FDB1086 FDB1126 FDB1756 FE0181 FE0181-11B1 FE0182, 23221-11050 23221-16490 23221-46010 2322100010 2322103010, 2322111050 2322116490 2322146010 Opel Volvo Honda Nissan Hyundai, 219045349908 219045349965 219900000025 219900000026 219900000032, 0580453427, 0 580 453 408, Meat, 431338100000 431350010000 600000048300 600000048370 6149190005, INJECTION BARS PETROL DIESEL NEW OE QUALITY ASSEMBLY MODULE, 23221-46010, EP469",https://www.ebay.co.uk/
49635c6c-75dc-5575-a36d-3f32d8110721,Resilient 0817424016391 by Betraying The Martyrs CD,https://www.ebay.co.uk/p/2130987295,"08/01/2021, 23:31:52",True,10.68,Sumerian Records,,0817424016391,GBP,eBay ~ Music ~ CDs,https://i.ebayimg.com/images/g/8eoAAOSwIi5d3x1L/s-l640.jpg ~ https://i.ebayimg.com/images/g/y9oAAOSwNrNgzr9x/s-l64.jpg,2130987295,"<section class=""product-spectification""><div class=""spec-row""><h2><!--F#f_3--><!--F#2-->Product Identifiers<!--F/--><!--F/--></h2><ul><li class><div class=""s-name""><!--F#f_3--><!--F#2-->Brand<!--F/--><!--F/--></div><div class=""s-value""><!--F#f_3--><!--F#2-->Sumerian Records<!--F/--><!--F/--></div></li><li class><div class=""s-name""><!--F#f_3--><!--F#2-->GTIN<!--F/--><!--F/--></div><div class=""s-value""><!--F#f_3--><!--F#2-->0817424016391<!--F/--><!--F/--></div></li><li class><div class=""s-name""><!--F#f_3--><!--F#2-->UPC<!--F/--><!--F/--></div><div class=""s-value""><!--F#f_3--><!--F#2-->0817424016391<!--F/--><!--F/--></div></li><li class><div class=""s-name""><!--F#f_3--><!--F#2-->eBay Product ID (ePID)<!--F/--><!--F/--></div><div class=""s-value""><!--F#f_3--><!--F#2-->2130987295<!--F/--><!--F/--></div></li></ul></div><div class=""spec-row""><h2><!--F#f_3--><!--F#2-->Product Key Features<!--F/--><!--F/--></h2><ul><li class><div class=""s-name""><!--F#f_3--><!--F#2-->Artist<!--F/--><!--F/--></div><div class=""s-value""><!--F#f_3--><!--F#2-->Down, Love<!--F/--><!--F/--></div></li><li class><div class=""s-name""><!--F#f_3--><!--F#2-->CD Grading<!--F/--><!--F/--></div><div class=""s-value""><!--F#f_3--><!--F#2-->Mint (M)<!--F/--><!--F/--></div></li><li class><div class=""s-name""><!--F#f_3--><!--F#2-->Era<!--F/--><!--F/--></div><div class=""s-value""><!--F#f_3--><!--F#2-->2010s<!--F/--><!--F/--></div></li><li class><div class=""s-name""><!--F#f_3--><!--F#2-->Format<!--F/--><!--F/--></div><div class=""s-value""><!--F#f_3--><!--F#2-->CD<!--F/--><!--F/--></div></li><li class><div class=""s-name""><!--F#f_3--><!--F#2-->Release Year<!--F/--><!--F/--></div><div class=""s-value""><!--F#f_3--><!--F#2-->2017<!--F/--><!--F/--></div></li><li class><div class=""s-name""><!--F#f_3--><!--F#2-->Language<!--F/--><!--F/--></div><div class=""s-value""><!--F#f_3--><!--F#2-->English<!--F/--><!--F/--></div></li><li class><div class=""s-name""><!--F#f_3--><!--F#2-->Style<!--F/--><!--F/--></div><div class=""s-value""><!--F#f_3--><!--F#2-->Metalcore, Heavy Metal<!--F/--><!--F/--></div></li><li class><div class=""s-name""><!--F#f_3--><!--F#2-->Features<!--F/--><!--F/--></div><div class=""s-value""><!--F#f_3--><!--F#2-->Digipak<!--F/--><!--F/--></div></li><li class><div class=""s-name""><!--F#f_3--><!--F#2-->Type<!--F/--><!--F/--></div><div class=""s-value""><!--F#f_3--><!--F#2-->Album<!--F/--><!--F/--></div></li><li class><div class=""s-name""><!--F#f_3--><!--F#2-->Genre<!--F/--><!--F/--></div><div class=""s-value""><!--F#f_3--><!--F#2-->Metal, Rock, Classical<!--F/--><!--F/--></div></li></ul></div></section>","Product IdentifiersBrandSumerian RecordsGTIN0817424016391UPC0817424016391eBay Product ID (ePID)2130987295Product Key FeaturesArtistDown, LoveCD GradingMint (M)Era2010sFormatCDRelease Year2017LanguageEnglishStyleMetalcore, Heavy MetalFeaturesDigipakTypeAlbumGenreMetal, Rock, Classical",https://www.ebay.co.uk/
a705e920-37ea-591f-a0fa-874ba0faf507,Audi A1 2018 RH Drivers Side Rear Light 8X0945094D,https://www.ebay.co.uk/p/2127869278,"08/01/2021, 23:31:52",True,99.99,Audi,8X0945094D,,GBP,eBay ~ Vehicle Parts & Accessories ~ Car Parts ~ External Lights & Indicators ~ Rear Light Assemblies,https://i.ebayimg.com/images/g/-m0AAOSwhAde2Mkc/s-l640.jpg ~ https://i.ebayimg.com/images/g/1yoAAOSwAJxe2Mke/s-l640.jpg ~ https://i.ebayimg.com/images/g/3VAAAOSwJN1e2Mki/s-l640.jpg,2127869278,"<section class=""product-spectification""><div class=""spec-row""><h2><!--F#f_3--><!--F#2-->Product Identifiers<!--F/--><!--F/--></h2><ul><li class><div class=""s-name""><!--F#f_3--><!--F#2-->Brand<!--F/--><!--F/--></div><div class=""s-value""><!--F#f_3--><!--F#2-->Audi<!--F/--><!--F/--></div></li><li class><div class=""s-name""><!--F#f_3--><!--F#2-->MPN<!--F/--><!--F/--></div><div class=""s-value""><!--F#f_3--><!--F#2-->8X0945094D<!--F/--><!--F/--></div></li><li class><div class=""s-name""><!--F#f_3--><!--F#2-->eBay Product ID (ePID)<!--F/--><!--F/--></div><div class=""s-value""><!--F#f_3--><!--F#2-->2127869278<!--F/--><!--F/--></div></li></ul></div><div class=""spec-row""><h2><!--F#f_3--><!--F#2-->Product Key Features<!--F/--><!--F/--></h2><ul><li class><div class=""s-name""><!--F#f_3--><!--F#2-->Placement on Vehicle<!--F/--><!--F/--></div><div class=""s-value""><!--F#f_3--><!--F#2-->Right, Left<!--F/--><!--F/--></div></li><li class><div class=""s-name""><!--F#f_3--><!--F#2-->Classic Car Part<!--F/--><!--F/--></div><div class=""s-value""><!--F#f_3--><!--F#2-->No<!--F/--><!--F/--></div></li><li class><div class=""s-name""><!--F#f_3--><!--F#2-->Reference OE/OEM Number<!--F/--><!--F/--></div><div class=""s-value""><!--F#f_3--><!--F#2-->8X0 945 094 D, 8X0945094D<!--F/--><!--F/--></div></li><li class><div class=""s-name""><!--F#f_3--><!--F#2-->Type<!--F/--><!--F/--></div><div class=""s-value""><!--F#f_3--><!--F#2-->Rear Light Assembly<!--F/--><!--F/--></div></li></ul></div></section>","Product IdentifiersBrandAudiMPN8X0945094DeBay Product ID (ePID)2127869278Product Key FeaturesPlacement on VehicleRight, LeftClassic Car PartNoReference OE/OEM Number8X0 945 094 D, 8X0945094DTypeRear Light Assembly",https://www.ebay.co.uk/
985a5305-c4d1-58f8-a3f4-fd6f11aa1e5e,Starter Solenoid Switch AS-PL SS3012 P OE Replacement,https://www.ebay.co.uk/p/2142058867,"08/01/2021, 23:31:52",True,25.69,AS-PL,SS3012,5901259433791,GBP,eBay ~ Vehicle Parts & Accessories ~ Car Parts ~ Electrical Components ~ Starter Motors,https://i.ebayimg.com/images/g/YqEAAOSw6nhe~Jge/s-l640.jpg ~ https://i.ebayimg.com/images/g/v6cAAOSwCWte~Jgf/s-l640.jpg ~ https://i.ebayimg.com/images/g/HV4AAOSwgYde~Jge/s-l640.jpg ~ https://i.ebayimg.com/images/g/MJwAAOSwe-5e~Jgf/s-l640.jpg,2142058867,"<section class=""product-spectification""><div class=""spec-row""><h2><!--F#f_3--><!--F#2-->Product Identifiers<!--F/--><!--F/--></h2><ul><li class><div class=""s-name""><!--F#f_3--><!--F#2-->Brand<!--F/--><!--F/--></div><div class=""s-value""><!--F#f_3--><!--F#2-->AS-PL<!--F/--><!--F/--></div></li><li class><div class=""s-name""><!--F#f_3--><!--F#2-->MPN<!--F/--><!--F/--></div><div class=""s-value""><!--F#f_3--><!--F#2-->SS3012<!--F/--><!--F/--></div></li><li class><div class=""s-name""><!--F#f_3--><!--F#2-->GTIN<!--F/--><!--F/--></div><div class=""s-value""><!--F#f_3--><!--F#2-->5901259433791<!--F/--><!--F/--></div></li><li class><div class=""s-name""><!--F#f_3--><!--F#2-->UPC<!--F/--><!--F/--></div><div class=""s-value""><!--F#f_3--><!--F#2-->5901259433791<!--F/--><!--F/--></div></li><li class><div class=""s-name""><!--F#f_3--><!--F#2-->eBay Product ID (ePID)<!--F/--><!--F/--></div><div class=""s-value""><!--F#f_3--><!--F#2-->2142058867<!--F/--><!--F/--></div></li></ul></div><div class=""spec-row""><h2><!--F#f_3--><!--F#2-->Product Key Features<!--F/--><!--F/--></h2><ul><li class><div class=""s-name""><!--F#f_3--><!--F#2-->Classic Car Part<!--F/--><!--F/--></div><div class=""s-value""><!--F#f_3--><!--F#2-->No<!--F/--><!--F/--></div></li><li class><div class=""s-name""><!--F#f_3--><!--F#2-->Reference OE/OEM Number<!--F/--><!--F/--></div><div class=""s-value""><!--F#f_3--><!--F#2-->DIESEL GASOLINE QUALITY COPPER IGNITION COLD TEETH BROKEN NO, SANDO WAI WILMINK GROUP, MAGNETIC 6646054 CSO15118AS CSO15118GS SSO15118.0 SSO15118.1, SS3012, ZM496, WEAK START BATTERY NOT STARTING PIECE REPAIRING RELAY 46054, SS3012 PINION NEW REPLACEMENT REPLACE MOTOR POWER STARTER OE, 66-9435 WG1748259 5901259433791 MEAT &amp; DORIA HOFFER CASCO<!--F/--><!--F/--></div></li></ul></div><div class=""spec-row""><h2><!--F#f_3--><!--F#2-->Dimensions<!--F/--><!--F/--></h2><ul><li class><div class=""s-name""><!--F#f_3--><!--F#2-->Weight<!--F/--><!--F/--></div><div class=""s-value""><!--F#f_3--><!--F#2-->0.00<!--F/--><!--F/--></div></li></ul></div></section>","Product IdentifiersBrandAS-PLMPNSS3012GTIN5901259433791UPC5901259433791eBay Product ID (ePID)2142058867Product Key FeaturesClassic Car PartNoReference OE/OEM NumberDIESEL GASOLINE QUALITY COPPER IGNITION COLD TEETH BROKEN NO, SANDO WAI WILMINK GROUP, MAGNETIC 6646054 CSO15118AS CSO15118GS SSO15118.0 SSO15118.1, SS3012, ZM496, WEAK START BATTERY NOT STARTING PIECE REPAIRING RELAY 46054, SS3012 PINION NEW REPLACEMENT REPLACE MOTOR POWER STARTER OE, 66-9435 WG1748259 5901259433791 MEAT & DORIA HOFFER CASCODimensionsWeight0.00",https://www.ebay.co.uk/
1e63bf2f-cb03-568d-a9a9-6443704a105c,Timing Belt 1987948832 Bosch MITSUBISHI Mirage Liftback 1.6 4wd,https://www.ebay.co.uk/p/2144789702,"08/01/2021, 23:31:53",True,27.76,Bosch,1987948832,3165141198447,GBP,eBay ~ Vehicle Parts & Accessories ~ Car Parts ~ Engines & Engine Parts ~ Belts,https://i.ebayimg.com/images/g/KXoAAOSwjN9gw0az/s-l640.jpg ~ https://i.ebayimg.com/images/g/Q5AAAOSwIp1gw0ay/s-l640.jpg ~ https://i.ebayimg.com/images/g/UW0AAOSw4GRgw0ay/s-l640.jpg ~ https://i.ebayimg.com/images/g/6qkAAOSwOndgw0ay/s-l640.jpg,2144789702,"<section class=""product-spectification""><div class=""spec-row""><h2><!--F#f_3--><!--F#2-->Product Identifiers<!--F/--><!--F/--></h2><ul><li class><div class=""s-name""><!--F#f_3--><!--F#2-->Brand<!--F/--><!--F/--></div><div class=""s-value""><!--F#f_3--><!--F#2-->Bosch<!--F/--><!--F/--></div></li><li class><div class=""s-name""><!--F#f_3--><!--F#2-->MPN<!--F/--><!--F/--></div><div class=""s-value""><!--F#f_3--><!--F#2-->1987948832<!--F/--><!--F/--></div></li><li class><div class=""s-name""><!--F#f_3--><!--F#2-->GTIN<!--F/--><!--F/--></div><div class=""s-value""><!--F#f_3--><!--F#2-->3165141198447<!--F/--><!--F/--></div></li><li class><div class=""s-name""><!--F#f_3--><!--F#2-->UPC<!--F/--><!--F/--></div><div class=""s-value""><!--F#f_3--><!--F#2-->3165141198447<!--F/--><!--F/--></div></li><li class><div class=""s-name""><!--F#f_3--><!--F#2-->eBay Product ID (ePID)<!--F/--><!--F/--></div><div class=""s-value""><!--F#f_3--><!--F#2-->2144789702<!--F/--><!--F/--></div></li></ul></div><div class=""spec-row""><h2><!--F#f_3--><!--F#2-->Product Key Features<!--F/--><!--F/--></h2><ul><li class><div class=""s-name""><!--F#f_3--><!--F#2-->Reference OE/OEM Number<!--F/--><!--F/--></div><div class=""s-value""><!--F#f_3--><!--F#2-->CT 841, Mitsubishi, MULTI RIBBED MOUNT BUSHES DAMPER DAMP VIBRATE VIBRATION BEAM, 1 987 AE1 028, 5350 XS, 94510, 0.03, MD176386, UL3S, 117 SHP+ 290H, BEAMS FAST FIX ARB BAR VIBRATING ALTERNATOR BELTING PS POWER, 77117 X 29 HSN, 117RHP+290H, CAM TOOTHS LENGTH NEW OE QUALITY CONTROL V-RIBBED BELTS RIB, QTB 389, 117 HG 290<!--F/--><!--F/--></div></li></ul></div><div class=""spec-row""><h2><!--F#f_3--><!--F#2-->Dimensions<!--F/--><!--F/--></h2><ul><li class><div class=""s-name""><!--F#f_3--><!--F#2-->Width<!--F/--><!--F/--></div><div class=""s-value""><!--F#f_3--><!--F#2-->29<!--F/--><!--F/--></div></li><li class><div class=""s-name""><!--F#f_3--><!--F#2-->Length<!--F/--><!--F/--></div><div class=""s-value""><!--F#f_3--><!--F#2-->936<!--F/--><!--F/--></div></li></ul></div></section>","Product IdentifiersBrandBoschMPN1987948832GTIN3165141198447UPC3165141198447eBay Product ID (ePID)2144789702Product Key FeaturesReference OE/OEM NumberCT 841, Mitsubishi, MULTI RIBBED MOUNT BUSHES DAMPER DAMP VIBRATE VIBRATION BEAM, 1 987 AE1 028, 5350 XS, 94510, 0.03, MD176386, UL3S, 117 SHP+ 290H, BEAMS FAST FIX ARB BAR VIBRATING ALTERNATOR BELTING PS POWER, 77117 X 29 HSN, 117RHP+290H, CAM TOOTHS LENGTH NEW OE QUALITY CONTROL V-RIBBED BELTS RIB, QTB 389, 117 HG 290DimensionsWidth29Length936",https://www.ebay.co.uk/
714f7072-ff4b-5640-8366-ee51bf06e97d,Engine Mounting for MERCEDES BENZ C Class Coupe C205 GLC X253 Febi Bilstein,https://www.ebay.co.uk/p/2142248229,"08/01/2021, 23:31:53",True,61.82,febi bilstein,49214,4027816492146,GBP,eBay ~ Vehicle Parts & Accessories ~ Car Parts ~ Engines & Engine Parts ~ Engine Mounts,https://i.ebayimg.com/images/g/dZ0AAOSwenBgiM-S/s-l640.jpg,2142248229,"<section class=""product-spectification""><div class=""spec-row""><h2><!--F#f_3--><!--F#2-->Product Identifiers<!--F/--><!--F/--></h2><ul><li class><div class=""s-name""><!--F#f_3--><!--F#2-->Brand<!--F/--><!--F/--></div><div class=""s-value""><!--F#f_3--><!--F#2-->febi bilstein<!--F/--><!--F/--></div></li><li class><div class=""s-name""><!--F#f_3--><!--F#2-->MPN<!--F/--><!--F/--></div><div class=""s-value""><!--F#f_3--><!--F#2-->49214<!--F/--><!--F/--></div></li><li class><div class=""s-name""><!--F#f_3--><!--F#2-->GTIN<!--F/--><!--F/--></div><div class=""s-value""><!--F#f_3--><!--F#2-->4027816492146<!--F/--><!--F/--></div></li><li class><div class=""s-name""><!--F#f_3--><!--F#2-->UPC<!--F/--><!--F/--></div><div class=""s-value""><!--F#f_3--><!--F#2-->4027816492146<!--F/--><!--F/--></div></li><li class><div class=""s-name""><!--F#f_3--><!--F#2-->eBay Product ID (ePID)<!--F/--><!--F/--></div><div class=""s-value""><!--F#f_3--><!--F#2-->2142248229<!--F/--><!--F/--></div></li></ul></div><div class=""spec-row""><h2><!--F#f_3--><!--F#2-->Product Key Features<!--F/--><!--F/--></h2><ul><li class><div class=""s-name""><!--F#f_3--><!--F#2-->Placement on Vehicle<!--F/--><!--F/--></div><div class=""s-value""><!--F#f_3--><!--F#2-->Front, Right<!--F/--><!--F/--></div></li><li class><div class=""s-name""><!--F#f_3--><!--F#2-->Classic Car Part<!--F/--><!--F/--></div><div class=""s-value""><!--F#f_3--><!--F#2-->No<!--F/--><!--F/--></div></li><li class><div class=""s-name""><!--F#f_3--><!--F#2-->Reference OE/OEM Number<!--F/--><!--F/--></div><div class=""s-value""><!--F#f_3--><!--F#2-->DIESEL FRONT GAS POWER REAR RIGHT LEFT MORE UPPER LOWER, OE<!--F/--><!--F/--></div></li></ul></div><div class=""spec-row""><h2><!--F#f_3--><!--F#2-->Dimensions<!--F/--><!--F/--></h2><ul><li class><div class=""s-name""><!--F#f_3--><!--F#2-->Weight<!--F/--><!--F/--></div><div class=""s-value""><!--F#f_3--><!--F#2-->1<!--F/--><!--F/--></div></li></ul></div></section>","Product IdentifiersBrandfebi bilsteinMPN49214GTIN4027816492146UPC4027816492146eBay Product ID (ePID)2142248229Product Key FeaturesPlacement on VehicleFront, RightClassic Car PartNoReference OE/OEM NumberDIESEL FRONT GAS POWER REAR RIGHT LEFT MORE UPPER LOWER, OEDimensionsWeight1",https://www.ebay.co.uk/
330f5f8e-04b6-5338-97f8-491541358d7c,A302 OEM PEUGEOT 307 Estate Climate Control AC Unit 96430991XT 216697294,https://www.ebay.co.uk/p/2146676814,"08/01/2021, 23:31:53",True,35.99,Genuine,96430991XT,,GBP,eBay ~ Vehicle Parts & Accessories ~ Car Parts ~ Air Conditioning & Heating ~ A/C & Heater Controls,https://i.ebayimg.com/images/g/8EcAAOSwGOVeP~YH/s-l640.jpg ~ https://i.ebayimg.com/images/g/TdoAAOSw8lpeP~YJ/s-l640.jpg ~ https://i.ebayimg.com/images/g/Vc4AAOSwoaNeP~YM/s-l640.jpg ~ https://i.ebayimg.com/images/g/e-wAAOSwPCFeP~YO/s-l640.jpg,2146676814,"<section class=""product-spectification""><div class=""spec-row""><h2><!--F#f_3--><!--F#2-->Product Identifiers<!--F/--><!--F/--></h2><ul><li class><div class=""s-name""><!--F#f_3--><!--F#2-->Brand<!--F/--><!--F/--></div><div class=""s-value""><!--F#f_3--><!--F#2-->Genuine<!--F/--><!--F/--></div></li><li class><div class=""s-name""><!--F#f_3--><!--F#2-->MPN<!--F/--><!--F/--></div><div class=""s-value""><!--F#f_3--><!--F#2-->96430991XT<!--F/--><!--F/--></div></li><li class><div class=""s-name""><!--F#f_3--><!--F#2-->eBay Product ID (ePID)<!--F/--><!--F/--></div><div class=""s-value""><!--F#f_3--><!--F#2-->2146676814<!--F/--><!--F/--></div></li></ul></div><div class=""spec-row""><h2><!--F#f_3--><!--F#2-->Product Key Features<!--F/--><!--F/--></h2><ul><li class><div class=""s-name""><!--F#f_3--><!--F#2-->Classic Car Part<!--F/--><!--F/--></div><div class=""s-value""><!--F#f_3--><!--F#2-->No<!--F/--><!--F/--></div></li><li class><div class=""s-name""><!--F#f_3--><!--F#2-->Reference OE/OEM Number<!--F/--><!--F/--></div><div class=""s-value""><!--F#f_3--><!--F#2-->Climate<!--F/--><!--F/--></div></li></ul></div></section>",Product IdentifiersBrandGenuineMPN96430991XTeBay Product ID (ePID)2146676814Product Key FeaturesClassic Car PartNoReference OE/OEM NumberClimate,https://www.ebay.co.uk/
837a48e5-d132-5f7f-bacc-274335729a23,Coolant Thermostat Fits DAIHATSU HIJET S8 0.8 86 to 89 CD Gates 1634187786000,https://www.ebay.co.uk/p/2144185587,"08/01/2021, 23:31:53",True,18.18,Gates,917768RMP,5414465358210,GBP,eBay ~ Vehicle Parts & Accessories ~ Car Parts ~ Engine Cooling ~ Thermostats,https://i.ebayimg.com/images/g/7yEAAOSwV11g6uU5/s-l640.jpg ~ https://i.ebayimg.com/images/g/PtQAAOSwZupgf1lP/s-l640.jpg,2144185587,"<section class=""product-spectification""><div class=""spec-row""><h2><!--F#f_3--><!--F#2-->Product Identifiers<!--F/--><!--F/--></h2><ul><li class><div class=""s-name""><!--F#f_3--><!--F#2-->Brand<!--F/--><!--F/--></div><div class=""s-value""><!--F#f_3--><!--F#2-->Gates<!--F/--><!--F/--></div></li><li class><div class=""s-name""><!--F#f_3--><!--F#2-->MPN<!--F/--><!--F/--></div><div class=""s-value""><!--F#f_3--><!--F#2-->917768RMP, 6152979RMP, 241999RMP, 454792RMP, 3860314RMP, 1492005RMP, 7554195RMP, 7288058RMP, 2394539RMP, 7688484RMP, 2892700RMP, 7125101RMP, 7255961RMP<!--F/--><!--F/--></div></li><li class><div class=""s-name""><!--F#f_3--><!--F#2-->GTIN<!--F/--><!--F/--></div><div class=""s-value""><!--F#f_3--><!--F#2-->5414465358210<!--F/--><!--F/--></div></li><li class><div class=""s-name""><!--F#f_3--><!--F#2-->UPC<!--F/--><!--F/--></div><div class=""s-value""><!--F#f_3--><!--F#2-->5414465358210<!--F/--><!--F/--></div></li><li class><div class=""s-name""><!--F#f_3--><!--F#2-->eBay Product ID (ePID)<!--F/--><!--F/--></div><div class=""s-value""><!--F#f_3--><!--F#2-->2144185587<!--F/--><!--F/--></div></li></ul></div><div class=""spec-row""><h2><!--F#f_3--><!--F#2-->Product Key Features<!--F/--><!--F/--></h2><ul><li class><div class=""s-name""><!--F#f_3--><!--F#2-->Reference OE/OEM Number<!--F/--><!--F/--></div><div class=""s-value""><!--F#f_3--><!--F#2-->16341-87793-000 Daihatsu, 96610574 Daewoo, 1634187786 Daihatsu, CALORSTAT by Vernet: TH3328.88J, CHEVROLET: 96610574, 16341-87786-000 Daihatsu, DAIHATSU: 1634187786, 1634187793, 1634187795, DAYCO: DT1233V, JAPANPARTS: JVT-101, VA-061, VT-101, KAVO PARTS: TH-1510, FACET: 1.880.227S, 1.880.390, 580227S, 580390, 7.8227S, 7.8390, BLUE PRINT: ADG09234, ADK89202, ADK89203, ADK89206, BorgWarner (Wahler): 3044.90, CALORSTAT by Vernet: 3328.88J, 1634187795 Piaggio, BEHR: 6.302.88, 6.816.88.399, A.454.87, TX11388D, TX9087D, PIAGGIO MOTORCYCLES: 1634187795, TRISCAN: 86202788, TH29588G1, 1634187793 Daihatsu, MEAT &amp; DORIA: 92288, MOTORAD: 239-88, 337-88, 7239-88, MAHLE: 6.302.88, 6.816.88.399, A.454.87, TX11388D, TX9087D, DAEWOO: 96610574, DAIHATSU: 16341-87786-000, 16341-87793-000<!--F/--><!--F/--></div></li><li class><div class=""s-name""><!--F#f_3--><!--F#2-->Type<!--F/--><!--F/--></div><div class=""s-value""><!--F#f_3--><!--F#2-->Thermostat<!--F/--><!--F/--></div></li></ul></div></section>","Product IdentifiersBrandGatesMPN917768RMP, 6152979RMP, 241999RMP, 454792RMP, 3860314RMP, 1492005RMP, 7554195RMP, 7288058RMP, 2394539RMP, 7688484RMP, 2892700RMP, 7125101RMP, 7255961RMPGTIN5414465358210UPC5414465358210eBay Product ID (ePID)2144185587Product Key FeaturesReference OE/OEM Number16341-87793-000 Daihatsu, 96610574 Daewoo, 1634187786 Daihatsu, CALORSTAT by Vernet: TH3328.88J, CHEVROLET: 96610574, 16341-87786-000 Daihatsu, DAIHATSU: 1634187786, 1634187793, 1634187795, DAYCO: DT1233V, JAPANPARTS: JVT-101, VA-061, VT-101, KAVO PARTS: TH-1510, FACET: 1.880.227S, 1.880.390, 580227S, 580390, 7.8227S, 7.8390, BLUE PRINT: ADG09234, ADK89202, ADK89203, ADK89206, BorgWarner (Wahler): 3044.90, CALORSTAT by Vernet: 3328.88J, 1634187795 Piaggio, BEHR: 6.302.88, 6.816.88.399, A.454.87, TX11388D, TX9087D, PIAGGIO MOTORCYCLES: 1634187795, TRISCAN: 86202788, TH29588G1, 1634187793 Daihatsu, MEAT & DORIA: 92288, MOTORAD: 239-88, 337-88, 7239-88, MAHLE: 6.302.88, 6.816.88.399, A.454.87, TX11388D, TX9087D, DAEWOO: 96610574, DAIHATSU: 16341-87786-000, 16341-87793-000TypeThermostat",https://www.ebay.co.uk/
f83b9547-6ea2-5395-9bed-590cb18995d0,Disney Princess MDF Toddler Bed With Storage Sprung Mattress,https://www.ebay.co.uk/p/2145654654,"08/01/2021, 23:31:53",True,209.99,Disney,509DSN,5013138657706,GBP,"eBay ~ Home, Furniture & DIY ~ Children's Home & Furniture ~ Furniture ~ Beds, Frames & Bases",https://i.ebayimg.com/images/g/KXIAAOSwU8hY5NTE/s-l640.jpg ~ https://i.ebayimg.com/images/g/FBcAAOSwpkFY5NTD/s-l640.jpg,2145654654,"<section class=""product-spectification""><div class=""spec-row""><h2><!--F#f_3--><!--F#2-->Product Identifiers<!--F/--><!--F/--></h2><ul><li class><div class=""s-name""><!--F#f_3--><!--F#2-->Brand<!--F/--><!--F/--></div><div class=""s-value""><!--F#f_3--><!--F#2-->Disney<!--F/--><!--F/--></div></li><li class><div class=""s-name""><!--F#f_3--><!--F#2-->MPN<!--F/--><!--F/--></div><div class=""s-value""><!--F#f_3--><!--F#2-->509DSN<!--F/--><!--F/--></div></li><li class><div class=""s-name""><!--F#f_3--><!--F#2-->GTIN<!--F/--><!--F/--></div><div class=""s-value""><!--F#f_3--><!--F#2-->5013138657706<!--F/--><!--F/--></div></li><li class><div class=""s-name""><!--F#f_3--><!--F#2-->UPC<!--F/--><!--F/--></div><div class=""s-value""><!--F#f_3--><!--F#2-->5013138657706<!--F/--><!--F/--></div></li><li class><div class=""s-name""><!--F#f_3--><!--F#2-->eBay Product ID (ePID)<!--F/--><!--F/--></div><div class=""s-value""><!--F#f_3--><!--F#2-->2145654654<!--F/--><!--F/--></div></li></ul></div><div class=""spec-row""><h2><!--F#f_3--><!--F#2-->Product Key Features<!--F/--><!--F/--></h2><ul><li class><div class=""s-name""><!--F#f_3--><!--F#2-->Colour<!--F/--><!--F/--></div><div class=""s-value""><!--F#f_3--><!--F#2-->Pink<!--F/--><!--F/--></div></li><li class><div class=""s-name""><!--F#f_3--><!--F#2-->Material<!--F/--><!--F/--></div><div class=""s-value""><!--F#f_3--><!--F#2-->Fabric<!--F/--><!--F/--></div></li><li class><div class=""s-name""><!--F#f_3--><!--F#2-->Compatible Mattress Size<!--F/--><!--F/--></div><div class=""s-value""><!--F#f_3--><!--F#2-->Cot/Cotbed<!--F/--><!--F/--></div></li><li class><div class=""s-name""><!--F#f_3--><!--F#2-->Type<!--F/--><!--F/--></div><div class=""s-value""><!--F#f_3--><!--F#2-->Storage Bed<!--F/--><!--F/--></div></li><li class><div class=""s-name""><!--F#f_3--><!--F#2-->Theme<!--F/--><!--F/--></div><div class=""s-value""><!--F#f_3--><!--F#2-->Princesses, Princesses/Fairies<!--F/--><!--F/--></div></li><li class><div class=""s-name""><!--F#f_3--><!--F#2-->Character Family<!--F/--><!--F/--></div><div class=""s-value""><!--F#f_3--><!--F#2-->Disney<!--F/--><!--F/--></div></li></ul></div><div class=""spec-row""><h2><!--F#f_3--><!--F#2-->Dimensions<!--F/--><!--F/--></h2><ul><li class><div class=""s-name""><!--F#f_3--><!--F#2-->Item Height<!--F/--><!--F/--></div><div class=""s-value""><!--F#f_3--><!--F#2-->143.00x77.00x63.00 cm<!--F/--><!--F/--></div></li></ul></div></section>","Product IdentifiersBrandDisneyMPN509DSNGTIN5013138657706UPC5013138657706eBay Product ID (ePID)2145654654Product Key FeaturesColourPinkMaterialFabricCompatible Mattress SizeCot/CotbedTypeStorage BedThemePrincesses, Princesses/FairiesCharacter FamilyDisneyDimensionsItem Height143.00x77.00x63.00 cm",https://www.ebay.co.uk/
ed033c82-a621-55f3-a838-8813518e089b,MALOSSI M3515115 Band MHR Kdn5 MBK 50 Booster 1990-2002,https://www.ebay.co.uk/p/2149102613,"08/01/2021, 23:31:53",True,37.06,MALOSSI,M3515115,4051272070020,GBP,eBay ~ Vehicle Parts & Accessories ~ Motorcycle Parts ~ Engines & Engine Parts ~ Other Engine Parts,https://i.ebayimg.com/images/g/0YgAAOSw1PxeMkXO/s-l640.jpg,2149102613,"<section class=""product-spectification""><div class=""spec-row""><h2><!--F#f_3--><!--F#2-->Product Identifiers<!--F/--><!--F/--></h2><ul><li class><div class=""s-name""><!--F#f_3--><!--F#2-->Brand<!--F/--><!--F/--></div><div class=""s-value""><!--F#f_3--><!--F#2-->MALOSSI<!--F/--><!--F/--></div></li><li class><div class=""s-name""><!--F#f_3--><!--F#2-->MPN<!--F/--><!--F/--></div><div class=""s-value""><!--F#f_3--><!--F#2-->M3515115<!--F/--><!--F/--></div></li><li class><div class=""s-name""><!--F#f_3--><!--F#2-->GTIN<!--F/--><!--F/--></div><div class=""s-value""><!--F#f_3--><!--F#2-->4051272070020<!--F/--><!--F/--></div></li><li class><div class=""s-name""><!--F#f_3--><!--F#2-->UPC<!--F/--><!--F/--></div><div class=""s-value""><!--F#f_3--><!--F#2-->4051272070020<!--F/--><!--F/--></div></li><li class><div class=""s-name""><!--F#f_3--><!--F#2-->eBay Product ID (ePID)<!--F/--><!--F/--></div><div class=""s-value""><!--F#f_3--><!--F#2-->2149102613<!--F/--><!--F/--></div></li></ul></div></section>",Product IdentifiersBrandMALOSSIMPNM3515115GTIN4051272070020UPC4051272070020eBay Product ID (ePID)2149102613,https://www.ebay.co.uk/
a142ad1a-ac0c-5361-ac11-1044344cfd81,2x(r410a R134a Brass Shut Valve for A/c Charging Hoses HVAC 1/4inch AC Refr N9r3,https://www.ebay.co.uk/p/2147440301,"08/01/2021, 23:31:53",True,5.54,SODIAL,,0191466885499,GBP,"eBay ~ Business, Office & Industrial ~ HVAC & Refrigeration ~ HVAC & Refrigeration Tools ~ HVAC & Refrigeration: Gauges & Probes",https://i.ebayimg.com/images/g/Es0AAOSwgYBg-NfE/s-l640.jpg ~ https://i.ebayimg.com/images/g/GgMAAOSwEztg-NfE/s-l640.jpg ~ https://i.ebayimg.com/images/g/RzYAAOSwG9pg-NfE/s-l640.jpg ~ https://i.ebayimg.com/images/g/MNMAAOSww3Bg-NfE/s-l640.jpg,2147440301,"<section class=""product-spectification""><div class=""spec-row""><h2><!--F#f_3--><!--F#2-->Product Identifiers<!--F/--><!--F/--></h2><ul><li class><div class=""s-name""><!--F#f_3--><!--F#2-->Brand<!--F/--><!--F/--></div><div class=""s-value""><!--F#f_3--><!--F#2-->SODIAL<!--F/--><!--F/--></div></li><li class><div class=""s-name""><!--F#f_3--><!--F#2-->GTIN<!--F/--><!--F/--></div><div class=""s-value""><!--F#f_3--><!--F#2-->0191466885499<!--F/--><!--F/--></div></li><li class><div class=""s-name""><!--F#f_3--><!--F#2-->UPC<!--F/--><!--F/--></div><div class=""s-value""><!--F#f_3--><!--F#2-->0191466885499<!--F/--><!--F/--></div></li><li class><div class=""s-name""><!--F#f_3--><!--F#2-->eBay Product ID (ePID)<!--F/--><!--F/--></div><div class=""s-value""><!--F#f_3--><!--F#2-->2147440301<!--F/--><!--F/--></div></li></ul></div><div class=""spec-row""><h2><!--F#f_3--><!--F#2-->Product Key Features<!--F/--><!--F/--></h2><ul><li class><div class=""s-name""><!--F#f_3--><!--F#2-->Year Manufactured<!--F/--><!--F/--></div><div class=""s-value""><!--F#f_3--><!--F#2-->2020<!--F/--><!--F/--></div></li><li class><div class=""s-name""><!--F#f_3--><!--F#2-->Gauge Purpose<!--F/--><!--F/--></div><div class=""s-value""><!--F#f_3--><!--F#2-->Charging<!--F/--><!--F/--></div></li><li class><div class=""s-name""><!--F#f_3--><!--F#2-->Refrigerant<!--F/--><!--F/--></div><div class=""s-value""><!--F#f_3--><!--F#2-->R-410a<!--F/--><!--F/--></div></li><li class><div class=""s-name""><!--F#f_3--><!--F#2-->Colour<!--F/--><!--F/--></div><div class=""s-value""><!--F#f_3--><!--F#2-->Yellow<!--F/--><!--F/--></div></li><li class><div class=""s-name""><!--F#f_3--><!--F#2-->Model<!--F/--><!--F/--></div><div class=""s-value""><!--F#f_3--><!--F#2-->Universal<!--F/--><!--F/--></div></li></ul></div><div class=""spec-row""><h2><!--F#f_3--><!--F#2-->Dimensions<!--F/--><!--F/--></h2><ul><li class><div class=""s-name""><!--F#f_3--><!--F#2-->Length<!--F/--><!--F/--></div><div class=""s-value""><!--F#f_3--><!--F#2-->8<!--F/--><!--F/--></div></li><li class><div class=""s-name""><!--F#f_3--><!--F#2-->Item Weight<!--F/--><!--F/--></div><div class=""s-value""><!--F#f_3--><!--F#2-->Universal<!--F/--><!--F/--></div></li></ul></div></section>",Product IdentifiersBrandSODIALGTIN0191466885499UPC0191466885499eBay Product ID (ePID)2147440301Product Key FeaturesYear Manufactured2020Gauge PurposeChargingRefrigerantR-410aColourYellowModelUniversalDimensionsLength8Item WeightUniversal,https://www.ebay.co.uk/
eb92bb9f-207d-562a-991d-1fb5a72722ee,PIAGGIO Zip 50 SP 2 LC 06-13m6 X M6 Exhaust Studs and Nuts,https://www.ebay.co.uk/p/2149232994,"08/01/2021, 23:31:53",True,3.97,Naraku,NK10191,4051272296604,GBP,"eBay ~ Vehicle Parts & Accessories ~ Scooter Parts ~ Exhausts & Exhaust Systems ~ Headers, Manifolds & Studs",https://i.ebayimg.com/images/g/PloAAOSwDqVdOCr4/s-l640.jpg,2149232994,"<section class=""product-spectification""><div class=""spec-row""><h2><!--F#f_3--><!--F#2-->Product Identifiers<!--F/--><!--F/--></h2><ul><li class><div class=""s-name""><!--F#f_3--><!--F#2-->Brand<!--F/--><!--F/--></div><div class=""s-value""><!--F#f_3--><!--F#2-->Naraku<!--F/--><!--F/--></div></li><li class><div class=""s-name""><!--F#f_3--><!--F#2-->MPN<!--F/--><!--F/--></div><div class=""s-value""><!--F#f_3--><!--F#2-->NK10191<!--F/--><!--F/--></div></li><li class><div class=""s-name""><!--F#f_3--><!--F#2-->GTIN<!--F/--><!--F/--></div><div class=""s-value""><!--F#f_3--><!--F#2-->4051272296604<!--F/--><!--F/--></div></li><li class><div class=""s-name""><!--F#f_3--><!--F#2-->UPC<!--F/--><!--F/--></div><div class=""s-value""><!--F#f_3--><!--F#2-->4051272296604<!--F/--><!--F/--></div></li><li class><div class=""s-name""><!--F#f_3--><!--F#2-->eBay Product ID (ePID)<!--F/--><!--F/--></div><div class=""s-value""><!--F#f_3--><!--F#2-->2149232994<!--F/--><!--F/--></div></li></ul></div></section>",Product IdentifiersBrandNarakuMPNNK10191GTIN4051272296604UPC4051272296604eBay Product ID (ePID)2149232994,https://www.ebay.co.uk/
5d9c9184-f613-5797-ba7d-e39c003e5504,Bicycle Wall Holder 180 Degree Adjustable Silverline 528581,https://www.ebay.co.uk/p/2151752178,"08/01/2021, 23:31:54",True,8.36,Silverline,528581,5024763176005,GBP,eBay ~ Sporting Goods ~ Cycling ~ Bike Accessories ~ Bike Stands & Storage,https://i.ebayimg.com/images/g/wHIAAOSw3cVeRC1y/s-l640.jpg ~ https://www.toptoolsdirect.com/media/catalog/product/silverline/528581.jpg,2151752178,"<section class=""product-spectification""><div class=""spec-row""><h2><!--F#f_3--><!--F#2-->Product Identifiers<!--F/--><!--F/--></h2><ul><li class><div class=""s-name""><!--F#f_3--><!--F#2-->Brand<!--F/--><!--F/--></div><div class=""s-value""><!--F#f_3--><!--F#2-->Silverline<!--F/--><!--F/--></div></li><li class><div class=""s-name""><!--F#f_3--><!--F#2-->MPN<!--F/--><!--F/--></div><div class=""s-value""><!--F#f_3--><!--F#2-->528581<!--F/--><!--F/--></div></li><li class><div class=""s-name""><!--F#f_3--><!--F#2-->GTIN<!--F/--><!--F/--></div><div class=""s-value""><!--F#f_3--><!--F#2-->5024763176005<!--F/--><!--F/--></div></li><li class><div class=""s-name""><!--F#f_3--><!--F#2-->UPC<!--F/--><!--F/--></div><div class=""s-value""><!--F#f_3--><!--F#2-->5024763176005<!--F/--><!--F/--></div></li><li class><div class=""s-name""><!--F#f_3--><!--F#2-->eBay Product ID (ePID)<!--F/--><!--F/--></div><div class=""s-value""><!--F#f_3--><!--F#2-->2151752178<!--F/--><!--F/--></div></li></ul></div><div class=""spec-row""><h2><!--F#f_3--><!--F#2-->Product Key Features<!--F/--><!--F/--></h2><ul><li class><div class=""s-name""><!--F#f_3--><!--F#2-->Bike Capacity<!--F/--><!--F/--></div><div class=""s-value""><!--F#f_3--><!--F#2-->1<!--F/--><!--F/--></div></li><li class><div class=""s-name""><!--F#f_3--><!--F#2-->Mounting Type<!--F/--><!--F/--></div><div class=""s-value""><!--F#f_3--><!--F#2-->Wall<!--F/--><!--F/--></div></li><li class><div class=""s-name""><!--F#f_3--><!--F#2-->Vintage<!--F/--><!--F/--></div><div class=""s-value""><!--F#f_3--><!--F#2-->No<!--F/--><!--F/--></div></li><li class><div class=""s-name""><!--F#f_3--><!--F#2-->Colour<!--F/--><!--F/--></div><div class=""s-value""><!--F#f_3--><!--F#2-->Silver<!--F/--><!--F/--></div></li><li class><div class=""s-name""><!--F#f_3--><!--F#2-->Features<!--F/--><!--F/--></div><div class=""s-value""><!--F#f_3--><!--F#2-->Wall, Adjustable<!--F/--><!--F/--></div></li><li class><div class=""s-name""><!--F#f_3--><!--F#2-->Material<!--F/--><!--F/--></div><div class=""s-value""><!--F#f_3--><!--F#2-->Steel, Metal<!--F/--><!--F/--></div></li><li class><div class=""s-name""><!--F#f_3--><!--F#2-->Type<!--F/--><!--F/--></div><div class=""s-value""><!--F#f_3--><!--F#2-->Bike Stand<!--F/--><!--F/--></div></li><li class><div class=""s-name""><!--F#f_3--><!--F#2-->Model<!--F/--><!--F/--></div><div class=""s-value""><!--F#f_3--><!--F#2-->528581<!--F/--><!--F/--></div></li></ul></div><div class=""spec-row""><h2><!--F#f_3--><!--F#2-->Dimensions<!--F/--><!--F/--></h2><ul><li class><div class=""s-name""><!--F#f_3--><!--F#2-->Width<!--F/--><!--F/--></div><div class=""s-value""><!--F#f_3--><!--F#2-->0.27<!--F/--><!--F/--></div></li><li class><div class=""s-name""><!--F#f_3--><!--F#2-->Item Weight<!--F/--><!--F/--></div><div class=""s-value""><!--F#f_3--><!--F#2-->1000<!--F/--><!--F/--></div></li></ul></div></section>","Product IdentifiersBrandSilverlineMPN528581GTIN5024763176005UPC5024763176005eBay Product ID (ePID)2151752178Product Key FeaturesBike Capacity1Mounting TypeWallVintageNoColourSilverFeaturesWall, AdjustableMaterialSteel, MetalTypeBike StandModel528581DimensionsWidth0.27Item Weight1000",https://www.ebay.co.uk/
6fe24897-fd5a-5e2d-a0f5-42365f54183b,2009 Ford MONDEO Mk4 Titanium Hatchback Driver Right Wing Mirror 212876164,https://www.ebay.co.uk/p/2153962595,"08/01/2021, 23:31:54",True,32.95,Ford,212876164,,GBP,eBay ~ Vehicle Parts & Accessories ~ Car Parts ~ Exterior & Body Parts ~ Wing Mirrors & Accessories,https://i.ebayimg.com/images/g/MyYAAOSwqKRgmQM3/s-l640.jpg ~ https://i.ebayimg.com/images/g/QWoAAOSwdQtgmQM5/s-l640.jpg ~ https://i.ebayimg.com/images/g/RKwAAOSwI9BgmQM7/s-l640.jpg ~ https://i.ebayimg.com/images/g/yCgAAOSwM~1gmQM9/s-l640.jpg,2153962595,"<section class=""product-spectification""><div class=""spec-row""><h2><!--F#f_3--><!--F#2-->Product Identifiers<!--F/--><!--F/--></h2><ul><li class><div class=""s-name""><!--F#f_3--><!--F#2-->Brand<!--F/--><!--F/--></div><div class=""s-value""><!--F#f_3--><!--F#2-->Ford<!--F/--><!--F/--></div></li><li class><div class=""s-name""><!--F#f_3--><!--F#2-->MPN<!--F/--><!--F/--></div><div class=""s-value""><!--F#f_3--><!--F#2-->212876164<!--F/--><!--F/--></div></li><li class><div class=""s-name""><!--F#f_3--><!--F#2-->eBay Product ID (ePID)<!--F/--><!--F/--></div><div class=""s-value""><!--F#f_3--><!--F#2-->2153962595<!--F/--><!--F/--></div></li></ul></div><div class=""spec-row""><h2><!--F#f_3--><!--F#2-->Product Key Features<!--F/--><!--F/--></h2><ul><li class><div class=""s-name""><!--F#f_3--><!--F#2-->Wing Mirror Part Type<!--F/--><!--F/--></div><div class=""s-value""><!--F#f_3--><!--F#2-->Complete Wing Mirror<!--F/--><!--F/--></div></li><li class><div class=""s-name""><!--F#f_3--><!--F#2-->Placement on Vehicle<!--F/--><!--F/--></div><div class=""s-value""><!--F#f_3--><!--F#2-->Right<!--F/--><!--F/--></div></li><li class><div class=""s-name""><!--F#f_3--><!--F#2-->Colour<!--F/--><!--F/--></div><div class=""s-value""><!--F#f_3--><!--F#2-->Metallic<!--F/--><!--F/--></div></li><li class><div class=""s-name""><!--F#f_3--><!--F#2-->Paint Code<!--F/--><!--F/--></div><div class=""s-value""><!--F#f_3--><!--F#2-->Electric<!--F/--><!--F/--></div></li><li class><div class=""s-name""><!--F#f_3--><!--F#2-->Classic Car Part<!--F/--><!--F/--></div><div class=""s-value""><!--F#f_3--><!--F#2-->No<!--F/--><!--F/--></div></li><li class><div class=""s-name""><!--F#f_3--><!--F#2-->Reference OE/OEM Number<!--F/--><!--F/--></div><div class=""s-value""><!--F#f_3--><!--F#2-->212876164, COMPLETE<!--F/--><!--F/--></div></li></ul></div></section>","Product IdentifiersBrandFordMPN212876164eBay Product ID (ePID)2153962595Product Key FeaturesWing Mirror Part TypeComplete Wing MirrorPlacement on VehicleRightColourMetallicPaint CodeElectricClassic Car PartNoReference OE/OEM Number212876164, COMPLETE",https://www.ebay.co.uk/
caadaf77-610f-5d43-938b-7fb0b1585f14,SIMR8A9 NGK Laser Iridium Platinum Spark Plug 91064,https://www.ebay.co.uk/p/2152750601,"08/01/2021, 23:31:54",True,15.83,NGK,SIMR8A9,,GBP,eBay ~ Vehicle Parts & Accessories ~ Motorcycle Parts ~ Electrical & Ignition Parts ~ Spark Plugs,https://i.ebayimg.com/images/g/0UwAAOSwFWda8hcg/s-l640.jpg,2152750601,"<section class=""product-spectification""><div class=""spec-row""><h2><!--F#f_3--><!--F#2-->Product Identifiers<!--F/--><!--F/--></h2><ul><li class><div class=""s-name""><!--F#f_3--><!--F#2-->Brand<!--F/--><!--F/--></div><div class=""s-value""><!--F#f_3--><!--F#2-->NGK<!--F/--><!--F/--></div></li><li class><div class=""s-name""><!--F#f_3--><!--F#2-->MPN<!--F/--><!--F/--></div><div class=""s-value""><!--F#f_3--><!--F#2-->SIMR8A9<!--F/--><!--F/--></div></li><li class><div class=""s-name""><!--F#f_3--><!--F#2-->eBay Product ID (ePID)<!--F/--><!--F/--></div><div class=""s-value""><!--F#f_3--><!--F#2-->2152750601<!--F/--><!--F/--></div></li></ul></div><div class=""spec-row""><h2><!--F#f_3--><!--F#2-->Product Key Features<!--F/--><!--F/--></h2><ul><li class><div class=""s-name""><!--F#f_3--><!--F#2-->Classic Motorcycle Part<!--F/--><!--F/--></div><div class=""s-value""><!--F#f_3--><!--F#2-->Yes<!--F/--><!--F/--></div></li><li class><div class=""s-name""><!--F#f_3--><!--F#2-->Intended Use<!--F/--><!--F/--></div><div class=""s-value""><!--F#f_3--><!--F#2-->Replacement Part<!--F/--><!--F/--></div></li></ul></div></section>",Product IdentifiersBrandNGKMPNSIMR8A9eBay Product ID (ePID)2152750601Product Key FeaturesClassic Motorcycle PartYesIntended UseReplacement Part,https://www.ebay.co.uk/
befd1678-c1b4-5720-bb33-217a796aa68c,Genuine Tempered Glass Screen Protector for Samsung Galaxy J3 2017 Buy1get1free,https://www.ebay.co.uk/p/2149324461,"08/01/2021, 23:31:54",True,2.89,,,7625745572099,GBP,eBay ~ Mobile Phones & Communication ~ Mobile Phone Accessories ~ Screen Protectors,https://i.ebayimg.com/images/g/0WsAAOSwcItgsMkR/s-l640.jpg ~ https://i.ebayimg.com/images/g/cJMAAOSw6WZgsMkm/s-l640.jpg ~ https://i.ebayimg.com/images/g/3XMAAOSwCj9gsMkp/s-l640.jpg ~ https://i.ebayimg.com/images/g/FvUAAOSwfoZgsMkr/s-l640.jpg,2149324461,"<section class=""product-spectification""><div class=""spec-row""><h2><!--F#f_3--><!--F#2-->Product Identifiers<!--F/--><!--F/--></h2><ul><li class><div class=""s-name""><!--F#f_3--><!--F#2-->GTIN<!--F/--><!--F/--></div><div class=""s-value""><!--F#f_3--><!--F#2-->7625745572099<!--F/--><!--F/--></div></li><li class><div class=""s-name""><!--F#f_3--><!--F#2-->UPC<!--F/--><!--F/--></div><div class=""s-value""><!--F#f_3--><!--F#2-->7625745572099<!--F/--><!--F/--></div></li><li class><div class=""s-name""><!--F#f_3--><!--F#2-->eBay Product ID (ePID)<!--F/--><!--F/--></div><div class=""s-value""><!--F#f_3--><!--F#2-->2149324461<!--F/--><!--F/--></div></li></ul></div><div class=""spec-row""><h2><!--F#f_3--><!--F#2-->Product Key Features<!--F/--><!--F/--></h2><ul><li class><div class=""s-name""><!--F#f_3--><!--F#2-->Manufacturer Colour<!--F/--><!--F/--></div><div class=""s-value""><!--F#f_3--><!--F#2-->Clear<!--F/--><!--F/--></div></li><li class><div class=""s-name""><!--F#f_3--><!--F#2-->Items Included<!--F/--><!--F/--></div><div class=""s-value""><!--F#f_3--><!--F#2-->Screen Protector<!--F/--><!--F/--></div></li><li class><div class=""s-name""><!--F#f_3--><!--F#2-->Colour<!--F/--><!--F/--></div><div class=""s-value""><!--F#f_3--><!--F#2-->Clear<!--F/--><!--F/--></div></li><li class><div class=""s-name""><!--F#f_3--><!--F#2-->Features<!--F/--><!--F/--></div><div class=""s-value""><!--F#f_3--><!--F#2-->Anti-Scratch, Anti-Fingerprint, Anti-Peeping, Tempered Glass, Anti-Shatter<!--F/--><!--F/--></div></li><li class><div class=""s-name""><!--F#f_3--><!--F#2-->Compatible Brand<!--F/--><!--F/--></div><div class=""s-value""><!--F#f_3--><!--F#2-->For Samsung<!--F/--><!--F/--></div></li><li class><div class=""s-name""><!--F#f_3--><!--F#2-->Character<!--F/--><!--F/--></div><div class=""s-value""><!--F#f_3--><!--F#2-->Scratch<!--F/--><!--F/--></div></li><li class><div class=""s-name""><!--F#f_3--><!--F#2-->Compatible Model<!--F/--><!--F/--></div><div class=""s-value""><!--F#f_3--><!--F#2-->For Samsung Galaxy Fit, For Samsung Galaxy J3 (2017), For Samsung Galaxy J3<!--F/--><!--F/--></div></li><li class><div class=""s-name""><!--F#f_3--><!--F#2-->Material<!--F/--><!--F/--></div><div class=""s-value""><!--F#f_3--><!--F#2-->Tempered Glass<!--F/--><!--F/--></div></li><li class><div class=""s-name""><!--F#f_3--><!--F#2-->Design/Finish<!--F/--><!--F/--></div><div class=""s-value""><!--F#f_3--><!--F#2-->Transparent<!--F/--><!--F/--></div></li></ul></div><div class=""spec-row""><h2><!--F#f_3--><!--F#2-->Dimensions<!--F/--><!--F/--></h2><ul><li class><div class=""s-name""><!--F#f_3--><!--F#2-->Item Height<!--F/--><!--F/--></div><div class=""s-value""><!--F#f_3--><!--F#2-->_<!--F/--><!--F/--></div></li><li class><div class=""s-name""><!--F#f_3--><!--F#2-->Item Weight<!--F/--><!--F/--></div><div class=""s-value""><!--F#f_3--><!--F#2-->8g<!--F/--><!--F/--></div></li></ul></div></section>","Product IdentifiersGTIN7625745572099UPC7625745572099eBay Product ID (ePID)2149324461Product Key FeaturesManufacturer ColourClearItems IncludedScreen ProtectorColourClearFeaturesAnti-Scratch, Anti-Fingerprint, Anti-Peeping, Tempered Glass, Anti-ShatterCompatible BrandFor SamsungCharacterScratchCompatible ModelFor Samsung Galaxy Fit, For Samsung Galaxy J3 (2017), For Samsung Galaxy J3MaterialTempered GlassDesign/FinishTransparentDimensionsItem Height_Item Weight8g",https://www.ebay.co.uk/
59fe309c-4d03-5a16-b6cd-2685013371d0,Polini P244112 Pulley Belt Scrabble 4t Rotax 125 1999-2003,https://www.ebay.co.uk/p/2149443428,"08/01/2021, 23:31:54",True,42.34,Polini,P244112,4051272129551,GBP,eBay ~ Vehicle Parts & Accessories ~ Scooter Parts ~ Drivetrain & Transmission ~ Gearboxes & Gearbox Parts,https://i.ebayimg.com/images/g/QjAAAOSw0vJclEn1/s-l640.jpg ~ https://i.ebayimg.com/images/g/Z7wAAOSwHgRclEn0/s-l640.jpg,2149443428,"<section class=""product-spectification""><div class=""spec-row""><h2><!--F#f_3--><!--F#2-->Product Identifiers<!--F/--><!--F/--></h2><ul><li class><div class=""s-name""><!--F#f_3--><!--F#2-->Brand<!--F/--><!--F/--></div><div class=""s-value""><!--F#f_3--><!--F#2-->Polini<!--F/--><!--F/--></div></li><li class><div class=""s-name""><!--F#f_3--><!--F#2-->MPN<!--F/--><!--F/--></div><div class=""s-value""><!--F#f_3--><!--F#2-->P244112<!--F/--><!--F/--></div></li><li class><div class=""s-name""><!--F#f_3--><!--F#2-->GTIN<!--F/--><!--F/--></div><div class=""s-value""><!--F#f_3--><!--F#2-->4051272129551<!--F/--><!--F/--></div></li><li class><div class=""s-name""><!--F#f_3--><!--F#2-->UPC<!--F/--><!--F/--></div><div class=""s-value""><!--F#f_3--><!--F#2-->4051272129551<!--F/--><!--F/--></div></li><li class><div class=""s-name""><!--F#f_3--><!--F#2-->eBay Product ID (ePID)<!--F/--><!--F/--></div><div class=""s-value""><!--F#f_3--><!--F#2-->2149443428<!--F/--><!--F/--></div></li></ul></div></section>",Product IdentifiersBrandPoliniMPNP244112GTIN4051272129551UPC4051272129551eBay Product ID (ePID)2149443428,https://www.ebay.co.uk/
f419a704-4e46-5e98-a479-c7f730d5361c,Reports Primary Stage6 13/43 Post 13d MALAGUTI 50 F15 Air,https://www.ebay.co.uk/p/2154407135,"08/01/2021, 23:31:54",True,52.76,,,4051272112591,GBP,eBay ~ Vehicle Parts & Accessories ~ Scooter Parts ~ Drivetrain & Transmission ~ Gearboxes & Gearbox Parts,https://i.ebayimg.com/images/g/tNYAAOSw-e1et16i/s-l640.jpg ~ https://i.ebayimg.com/images/g/dbEAAOSwZ11et16l/s-l640.jpg,2154407135,"<section class=""product-spectification""><div class=""spec-row""><h2><!--F#f_3--><!--F#2-->Product Identifiers<!--F/--><!--F/--></h2><ul><li class><div class=""s-name""><!--F#f_3--><!--F#2-->GTIN<!--F/--><!--F/--></div><div class=""s-value""><!--F#f_3--><!--F#2-->4051272112591<!--F/--><!--F/--></div></li><li class><div class=""s-name""><!--F#f_3--><!--F#2-->UPC<!--F/--><!--F/--></div><div class=""s-value""><!--F#f_3--><!--F#2-->4051272112591<!--F/--><!--F/--></div></li><li class><div class=""s-name""><!--F#f_3--><!--F#2-->eBay Product ID (ePID)<!--F/--><!--F/--></div><div class=""s-value""><!--F#f_3--><!--F#2-->2154407135<!--F/--><!--F/--></div></li></ul></div><div class=""spec-row""><h2><!--F#f_3--><!--F#2-->Product Key Features<!--F/--><!--F/--></h2><ul><li class><div class=""s-name""><!--F#f_3--><!--F#2-->Reference OE Number<!--F/--><!--F/--></div><div class=""s-value""><!--F#f_3--><!--F#2-->Transmission<!--F/--><!--F/--></div></li></ul></div></section>",Product IdentifiersGTIN4051272112591UPC4051272112591eBay Product ID (ePID)2154407135Product Key FeaturesReference OE NumberTransmission,https://www.ebay.co.uk/
b4e712cf-7901-52c7-937d-adeeb0b19a4d,65088 Centauro Kit Joints Part High Honda NX 650 Dominator 88-99 666a651tp/a,https://www.ebay.co.uk/p/2160838856,"08/01/2021, 23:31:54",True,111.33,Centauro,65088,8430525650886,GBP,eBay ~ Vehicle Parts & Accessories ~ Motorcycle Parts ~ Engines & Engine Parts ~ Other Engine Parts,https://i.ebayimg.com/images/g/YjIAAOSwbbtdFnef/s-l640.jpg,2160838856,"<section class=""product-spectification""><div class=""spec-row""><h2><!--F#f_3--><!--F#2-->Product Identifiers<!--F/--><!--F/--></h2><ul><li class><div class=""s-name""><!--F#f_3--><!--F#2-->Brand<!--F/--><!--F/--></div><div class=""s-value""><!--F#f_3--><!--F#2-->Centauro<!--F/--><!--F/--></div></li><li class><div class=""s-name""><!--F#f_3--><!--F#2-->MPN<!--F/--><!--F/--></div><div class=""s-value""><!--F#f_3--><!--F#2-->65088<!--F/--><!--F/--></div></li><li class><div class=""s-name""><!--F#f_3--><!--F#2-->GTIN<!--F/--><!--F/--></div><div class=""s-value""><!--F#f_3--><!--F#2-->8430525650886<!--F/--><!--F/--></div></li><li class><div class=""s-name""><!--F#f_3--><!--F#2-->UPC<!--F/--><!--F/--></div><div class=""s-value""><!--F#f_3--><!--F#2-->8430525650886<!--F/--><!--F/--></div></li><li class><div class=""s-name""><!--F#f_3--><!--F#2-->eBay Product ID (ePID)<!--F/--><!--F/--></div><div class=""s-value""><!--F#f_3--><!--F#2-->2160838856<!--F/--><!--F/--></div></li></ul></div></section>",Product IdentifiersBrandCentauroMPN65088GTIN8430525650886UPC8430525650886eBay Product ID (ePID)2160838856,https://www.ebay.co.uk/
96f7b8c0-ef92-55e5-b361-e15f07d0ce8d,ITALJET Dragster 125 2t LC Water Pump Repair Kit for GILERA Runner FX FXR SP 12,https://www.ebay.co.uk/p/2155119498,"08/01/2021, 23:31:54",True,13.76,101 Octane,IP20676,4251212470693,GBP,eBay ~ Vehicle Parts & Accessories ~ Scooter Parts ~ Engines & Engine Parts ~ Other Engine Parts,https://i.ebayimg.com/images/g/IosAAOSwLh5dDKwI/s-l640.jpg,2155119498,"<section class=""product-spectification""><div class=""spec-row""><h2><!--F#f_3--><!--F#2-->Product Identifiers<!--F/--><!--F/--></h2><ul><li class><div class=""s-name""><!--F#f_3--><!--F#2-->Brand<!--F/--><!--F/--></div><div class=""s-value""><!--F#f_3--><!--F#2-->101 Octane<!--F/--><!--F/--></div></li><li class><div class=""s-name""><!--F#f_3--><!--F#2-->MPN<!--F/--><!--F/--></div><div class=""s-value""><!--F#f_3--><!--F#2-->IP20676<!--F/--><!--F/--></div></li><li class><div class=""s-name""><!--F#f_3--><!--F#2-->GTIN<!--F/--><!--F/--></div><div class=""s-value""><!--F#f_3--><!--F#2-->4251212470693<!--F/--><!--F/--></div></li><li class><div class=""s-name""><!--F#f_3--><!--F#2-->UPC<!--F/--><!--F/--></div><div class=""s-value""><!--F#f_3--><!--F#2-->4251212470693<!--F/--><!--F/--></div></li><li class><div class=""s-name""><!--F#f_3--><!--F#2-->eBay Product ID (ePID)<!--F/--><!--F/--></div><div class=""s-value""><!--F#f_3--><!--F#2-->2155119498<!--F/--><!--F/--></div></li></ul></div></section>",Product IdentifiersBrand101 OctaneMPNIP20676GTIN4251212470693UPC4251212470693eBay Product ID (ePID)2155119498,https://www.ebay.co.uk/
ac9ac4b9-908e-5b74-93a2-d9c0e546c847,Cisco Asa5520 Adaptive Security Appliance VPN Plus License,https://www.ebay.co.uk/p/2164378207,"08/01/2021, 23:31:54",True,50.0,Cisco,,0882658008696,GBP,"eBay ~ Computers/Tablets & Networking ~ Enterprise Networking, Servers ~ Firewall & VPN Devices",https://i.ebayimg.com/images/g/JM8AAOSwoPJeQhZ4/s-l640.jpg ~ https://i.ebayimg.com/images/g/~FYAAOSw9IpXyqUP/s-l64.jpg ~ https://i.ebayimg.com/images/g/XO8AAOSwFdtXyqUV/s-l64.jpg ~ https://i.ebayimg.com/images/g/BKIAAOSwdIFXyqUa/s-l64.jpg,2164378207,"<section class=""product-spectification""><div class=""spec-row""><h2><!--F#f_3--><!--F#2-->Product Identifiers<!--F/--><!--F/--></h2><ul><li class><div class=""s-name""><!--F#f_3--><!--F#2-->Brand<!--F/--><!--F/--></div><div class=""s-value""><!--F#f_3--><!--F#2-->Cisco<!--F/--><!--F/--></div></li><li class><div class=""s-name""><!--F#f_3--><!--F#2-->GTIN<!--F/--><!--F/--></div><div class=""s-value""><!--F#f_3--><!--F#2-->0840356399997, 0840356268620, 0882658008696<!--F/--><!--F/--></div></li><li class><div class=""s-name""><!--F#f_3--><!--F#2-->UPC<!--F/--><!--F/--></div><div class=""s-value""><!--F#f_3--><!--F#2-->0840356399997, 0840356268620, 0882658008696<!--F/--><!--F/--></div></li><li class><div class=""s-name""><!--F#f_3--><!--F#2-->eBay Product ID (ePID)<!--F/--><!--F/--></div><div class=""s-value""><!--F#f_3--><!--F#2-->2164378207<!--F/--><!--F/--></div></li></ul></div><div class=""spec-row""><h2><!--F#f_3--><!--F#2-->Product Key Features<!--F/--><!--F/--></h2><ul><li class><div class=""s-name""><!--F#f_3--><!--F#2-->Minimum RAM<!--F/--><!--F/--></div><div class=""s-value""><!--F#f_3--><!--F#2-->1 GB<!--F/--><!--F/--></div></li><li class><div class=""s-name""><!--F#f_3--><!--F#2-->Minimum Hard Drive Space<!--F/--><!--F/--></div><div class=""s-value""><!--F#f_3--><!--F#2-->1 GB<!--F/--><!--F/--></div></li><li class><div class=""s-name""><!--F#f_3--><!--F#2-->Type<!--F/--><!--F/--></div><div class=""s-value""><!--F#f_3--><!--F#2-->Firewall<!--F/--><!--F/--></div></li><li class><div class=""s-name""><!--F#f_3--><!--F#2-->Number of Devices<!--F/--><!--F/--></div><div class=""s-value""><!--F#f_3--><!--F#2-->1<!--F/--><!--F/--></div></li></ul></div><div class=""spec-row""><h2><!--F#f_3--><!--F#2-->Dimensions<!--F/--><!--F/--></h2><ul><li class><div class=""s-name""><!--F#f_3--><!--F#2-->Weight<!--F/--><!--F/--></div><div class=""s-value""><!--F#f_3--><!--F#2-->9.1 kg<!--F/--><!--F/--></div></li><li class><div class=""s-name""><!--F#f_3--><!--F#2-->Width<!--F/--><!--F/--></div><div class=""s-value""><!--F#f_3--><!--F#2-->44.5 cm<!--F/--><!--F/--></div></li><li class><div class=""s-name""><!--F#f_3--><!--F#2-->Item Height<!--F/--><!--F/--></div><div class=""s-value""><!--F#f_3--><!--F#2-->1U<!--F/--><!--F/--></div></li><li class><div class=""s-name""><!--F#f_3--><!--F#2-->Depth<!--F/--><!--F/--></div><div class=""s-value""><!--F#f_3--><!--F#2-->33.5 cm<!--F/--><!--F/--></div></li></ul></div></section>","Product IdentifiersBrandCiscoGTIN0840356399997, 0840356268620, 0882658008696UPC0840356399997, 0840356268620, 0882658008696eBay Product ID (ePID)2164378207Product Key FeaturesMinimum RAM1 GBMinimum Hard Drive Space1 GBTypeFirewallNumber of Devices1DimensionsWeight9.1 kgWidth44.5 cmItem Height1UDepth33.5 cm",https://www.ebay.co.uk/
50a9f715-6c94-5145-969d-c96ea7d05d5f,Canon Bci-3ec Cyan Ink Tank Genuine Cartridge for Multipass Mp700 Mp730,https://www.ebay.co.uk/p/2164371757,"08/01/2021, 23:31:55",True,8.99,Canon,BCI3EC,0636267182601,GBP,"eBay ~ Computers/Tablets & Networking ~ Printers, Scanners & Supplies ~ Printer Ink, Toner & Paper ~ Ink Cartridges",https://i.ebayimg.com/images/g/ZnYAAOSwaB5XoJzj/s-l640.jpg ~ https://i.ebayimg.com/images/g/amgAAOSwcwhVPlH0/s-l64.jpg,2164371757,"<section class=""product-spectification""><div class=""spec-row""><h2><!--F#f_3--><!--F#2-->Product Identifiers<!--F/--><!--F/--></h2><ul><li class><div class=""s-name""><!--F#f_3--><!--F#2-->Brand<!--F/--><!--F/--></div><div class=""s-value""><!--F#f_3--><!--F#2-->Canon<!--F/--><!--F/--></div></li><li class><div class=""s-name""><!--F#f_3--><!--F#2-->MPN<!--F/--><!--F/--></div><div class=""s-value""><!--F#f_3--><!--F#2-->BCI3EC, 4480A003<!--F/--><!--F/--></div></li><li class><div class=""s-name""><!--F#f_3--><!--F#2-->GTIN<!--F/--><!--F/--></div><div class=""s-value""><!--F#f_3--><!--F#2-->0750845725803, 0807027511157, 0636267182601<!--F/--><!--F/--></div></li><li class><div class=""s-name""><!--F#f_3--><!--F#2-->UPC<!--F/--><!--F/--></div><div class=""s-value""><!--F#f_3--><!--F#2-->0750845725803, 0807027511157, 0636267182601<!--F/--><!--F/--></div></li><li class><div class=""s-name""><!--F#f_3--><!--F#2-->eBay Product ID (ePID)<!--F/--><!--F/--></div><div class=""s-value""><!--F#f_3--><!--F#2-->2164371757<!--F/--><!--F/--></div></li></ul></div><div class=""spec-row""><h2><!--F#f_3--><!--F#2-->Product Key Features<!--F/--><!--F/--></h2><ul><li class><div class=""s-name""><!--F#f_3--><!--F#2-->Compatible Brand<!--F/--><!--F/--></div><div class=""s-value""><!--F#f_3--><!--F#2-->For Canon<!--F/--><!--F/--></div></li><li class><div class=""s-name""><!--F#f_3--><!--F#2-->Print Technology<!--F/--><!--F/--></div><div class=""s-value""><!--F#f_3--><!--F#2-->Inkjet<!--F/--><!--F/--></div></li><li class><div class=""s-name""><!--F#f_3--><!--F#2-->Manufacturer Colour<!--F/--><!--F/--></div><div class=""s-value""><!--F#f_3--><!--F#2-->Cyan<!--F/--><!--F/--></div></li><li class><div class=""s-name""><!--F#f_3--><!--F#2-->Colour<!--F/--><!--F/--></div><div class=""s-value""><!--F#f_3--><!--F#2-->Cyan<!--F/--><!--F/--></div></li><li class><div class=""s-name""><!--F#f_3--><!--F#2-->Type<!--F/--><!--F/--></div><div class=""s-value""><!--F#f_3--><!--F#2-->Genuine/Original<!--F/--><!--F/--></div></li><li class><div class=""s-name""><!--F#f_3--><!--F#2-->Model<!--F/--><!--F/--></div><div class=""s-value""><!--F#f_3--><!--F#2-->Canon BCI-3e<!--F/--><!--F/--></div></li></ul></div></section>","Product IdentifiersBrandCanonMPNBCI3EC, 4480A003GTIN0750845725803, 0807027511157, 0636267182601UPC0750845725803, 0807027511157, 0636267182601eBay Product ID (ePID)2164371757Product Key FeaturesCompatible BrandFor CanonPrint TechnologyInkjetManufacturer ColourCyanColourCyanTypeGenuine/OriginalModelCanon BCI-3e",https://www.ebay.co.uk/
3b4294bb-c0cc-58f4-ad6a-0c25814172fe,Genuine HELLA Headlight Headlamp 1zs 009 237-211 Top German Quality,https://www.ebay.co.uk/p/2162334026,"08/01/2021, 23:31:55",True,607.98,HELLA,1ZS009237211,4082300315158,GBP,eBay ~ Vehicle Parts & Accessories ~ Car Parts ~ External Lights & Indicators ~ Headlight Assemblies,https://i.ebayimg.com/images/g/VOwAAOSwAYJZhdmK/s-l640.jpg,2162334026,"<section class=""product-spectification""><div class=""spec-row""><h2><!--F#f_3--><!--F#2-->Product Identifiers<!--F/--><!--F/--></h2><ul><li class><div class=""s-name""><!--F#f_3--><!--F#2-->Brand<!--F/--><!--F/--></div><div class=""s-value""><!--F#f_3--><!--F#2-->HELLA<!--F/--><!--F/--></div></li><li class><div class=""s-name""><!--F#f_3--><!--F#2-->MPN<!--F/--><!--F/--></div><div class=""s-value""><!--F#f_3--><!--F#2-->1ZS009237211<!--F/--><!--F/--></div></li><li class><div class=""s-name""><!--F#f_3--><!--F#2-->GTIN<!--F/--><!--F/--></div><div class=""s-value""><!--F#f_3--><!--F#2-->4082300315158<!--F/--><!--F/--></div></li><li class><div class=""s-name""><!--F#f_3--><!--F#2-->UPC<!--F/--><!--F/--></div><div class=""s-value""><!--F#f_3--><!--F#2-->4082300315158<!--F/--><!--F/--></div></li><li class><div class=""s-name""><!--F#f_3--><!--F#2-->eBay Product ID (ePID)<!--F/--><!--F/--></div><div class=""s-value""><!--F#f_3--><!--F#2-->2162334026<!--F/--><!--F/--></div></li></ul></div><div class=""spec-row""><h2><!--F#f_3--><!--F#2-->Product Key Features<!--F/--><!--F/--></h2><ul><li class><div class=""s-name""><!--F#f_3--><!--F#2-->Classic Car Part<!--F/--><!--F/--></div><div class=""s-value""><!--F#f_3--><!--F#2-->Yes<!--F/--><!--F/--></div></li><li class><div class=""s-name""><!--F#f_3--><!--F#2-->Reference OE/OEM Number<!--F/--><!--F/--></div><div class=""s-value""><!--F#f_3--><!--F#2-->6208V3<!--F/--><!--F/--></div></li><li class><div class=""s-name""><!--F#f_3--><!--F#2-->Placement on Vehicle<!--F/--><!--F/--></div><div class=""s-value""><!--F#f_3--><!--F#2-->Right, Left<!--F/--><!--F/--></div></li></ul></div><div class=""spec-row""><h2><!--F#f_3--><!--F#2-->Dimensions<!--F/--><!--F/--></h2><ul><li class><div class=""s-name""><!--F#f_3--><!--F#2-->Weight<!--F/--><!--F/--></div><div class=""s-value""><!--F#f_3--><!--F#2-->4.5 Kg<!--F/--><!--F/--></div></li></ul></div></section>","Product IdentifiersBrandHELLAMPN1ZS009237211GTIN4082300315158UPC4082300315158eBay Product ID (ePID)2162334026Product Key FeaturesClassic Car PartYesReference OE/OEM Number6208V3Placement on VehicleRight, LeftDimensionsWeight4.5 Kg",https://www.ebay.co.uk/
d86cb5bb-7305-51c2-971c-18be1db2076e,StarTech PEX2PCIE4L PCI Express to 2 PCIe Expansion Enclosure System Full,https://www.ebay.co.uk/p/2164348666,"08/01/2021, 23:31:55",True,356.31,StarTech,PEX2PCIE4L,0065030835305,GBP,"eBay ~ Computers/Tablets & Networking ~ Computer Cables & Connectors ~ USB Cables, Hubs & Adapters",https://i.ebayimg.com/images/g/CZEAAOSwZVlXoLCW/s-l640.jpg ~ https://i.ebayimg.com/images/g/32QAAOSwGqRgw3Dw/s-l64.jpg ~ https://i.ebayimg.com/images/g/fU4AAOSw0g5gw3Dw/s-l64.jpg ~ https://i.ebayimg.com/images/g/8H0AAOSwxCVgw3Dw/s-l64.jpg,2164348666,"<section class=""product-spectification""><div class=""spec-row""><h2><!--F#f_3--><!--F#2-->Product Identifiers<!--F/--><!--F/--></h2><ul><li class><div class=""s-name""><!--F#f_3--><!--F#2-->Brand<!--F/--><!--F/--></div><div class=""s-value""><!--F#f_3--><!--F#2-->StarTech<!--F/--><!--F/--></div></li><li class><div class=""s-name""><!--F#f_3--><!--F#2-->MPN<!--F/--><!--F/--></div><div class=""s-value""><!--F#f_3--><!--F#2-->PEX2PCIE4L<!--F/--><!--F/--></div></li><li class><div class=""s-name""><!--F#f_3--><!--F#2-->GTIN<!--F/--><!--F/--></div><div class=""s-value""><!--F#f_3--><!--F#2-->0042111259656, 0065030835305<!--F/--><!--F/--></div></li><li class><div class=""s-name""><!--F#f_3--><!--F#2-->UPC<!--F/--><!--F/--></div><div class=""s-value""><!--F#f_3--><!--F#2-->0042111259656, 0065030835305<!--F/--><!--F/--></div></li><li class><div class=""s-name""><!--F#f_3--><!--F#2-->eBay Product ID (ePID)<!--F/--><!--F/--></div><div class=""s-value""><!--F#f_3--><!--F#2-->2164348666<!--F/--><!--F/--></div></li></ul></div><div class=""spec-row""><h2><!--F#f_3--><!--F#2-->Product Key Features<!--F/--><!--F/--></h2><ul><li class><div class=""s-name""><!--F#f_3--><!--F#2-->Output Voltage<!--F/--><!--F/--></div><div class=""s-value""><!--F#f_3--><!--F#2-->12 V<!--F/--><!--F/--></div></li><li class><div class=""s-name""><!--F#f_3--><!--F#2-->Colour<!--F/--><!--F/--></div><div class=""s-value""><!--F#f_3--><!--F#2-->Black<!--F/--><!--F/--></div></li><li class><div class=""s-name""><!--F#f_3--><!--F#2-->Features<!--F/--><!--F/--></div><div class=""s-value""><!--F#f_3--><!--F#2-->Powered<!--F/--><!--F/--></div></li><li class><div class=""s-name""><!--F#f_3--><!--F#2-->Type<!--F/--><!--F/--></div><div class=""s-value""><!--F#f_3--><!--F#2-->Adapter<!--F/--><!--F/--></div></li></ul></div><div class=""spec-row""><h2><!--F#f_3--><!--F#2-->Dimensions<!--F/--><!--F/--></h2><ul><li class><div class=""s-name""><!--F#f_3--><!--F#2-->Item Height<!--F/--><!--F/--></div><div class=""s-value""><!--F#f_3--><!--F#2-->No<!--F/--><!--F/--></div></li><li class><div class=""s-name""><!--F#f_3--><!--F#2-->Weight<!--F/--><!--F/--></div><div class=""s-value""><!--F#f_3--><!--F#2-->4 Kg<!--F/--><!--F/--></div></li><li class><div class=""s-name""><!--F#f_3--><!--F#2-->Depth<!--F/--><!--F/--></div><div class=""s-value""><!--F#f_3--><!--F#2-->13.7 cm<!--F/--><!--F/--></div></li><li class><div class=""s-name""><!--F#f_3--><!--F#2-->Width<!--F/--><!--F/--></div><div class=""s-value""><!--F#f_3--><!--F#2-->137 mm<!--F/--><!--F/--></div></li></ul></div></section>","Product IdentifiersBrandStarTechMPNPEX2PCIE4LGTIN0042111259656, 0065030835305UPC0042111259656, 0065030835305eBay Product ID (ePID)2164348666Product Key FeaturesOutput Voltage12 VColourBlackFeaturesPoweredTypeAdapterDimensionsItem HeightNoWeight4 KgDepth13.7 cmWidth137 mm",https://www.ebay.co.uk/
40d434af-eb70-56fb-af77-3710f068e1ad,PreSonus AudioBox iTwo 2x2 USB iPad Audio Interface,https://www.ebay.co.uk/p/2164379888,"08/01/2021, 23:31:55",True,184.0,PreSonus,,0140541221400,GBP,eBay ~ Musical Instruments ~ Pro Audio Equipment ~ Audio/MIDI Interfaces,https://i.ebayimg.com/images/g/2E4AAOSw2opdJ3L8/s-l640.jpg ~ https://i.ebayimg.com/images/g/R7gAAOSw5Ypg73RK/s-l64.jpg ~ https://i.ebayimg.com/images/g/QK0AAOSwrJlg73RL/s-l64.jpg ~ https://i.ebayimg.com/images/g/9TcAAOSwootg73RK/s-l64.jpg,2164379888,"<section class=""product-spectification""><div class=""spec-row""><h2><!--F#f_3--><!--F#2-->Product Identifiers<!--F/--><!--F/--></h2><ul><li class><div class=""s-name""><!--F#f_3--><!--F#2-->Brand<!--F/--><!--F/--></div><div class=""s-value""><!--F#f_3--><!--F#2-->PreSonus<!--F/--><!--F/--></div></li><li class><div class=""s-name""><!--F#f_3--><!--F#2-->GTIN<!--F/--><!--F/--></div><div class=""s-value""><!--F#f_3--><!--F#2-->0673454002946, 0140541221400<!--F/--><!--F/--></div></li><li class><div class=""s-name""><!--F#f_3--><!--F#2-->UPC<!--F/--><!--F/--></div><div class=""s-value""><!--F#f_3--><!--F#2-->0673454002946, 0140541221400<!--F/--><!--F/--></div></li><li class><div class=""s-name""><!--F#f_3--><!--F#2-->eBay Product ID (ePID)<!--F/--><!--F/--></div><div class=""s-value""><!--F#f_3--><!--F#2-->2164379888<!--F/--><!--F/--></div></li></ul></div><div class=""spec-row""><h2><!--F#f_3--><!--F#2-->Product Key Features<!--F/--><!--F/--></h2><ul><li class><div class=""s-name""><!--F#f_3--><!--F#2-->Suitable For<!--F/--><!--F/--></div><div class=""s-value""><!--F#f_3--><!--F#2-->Studio/Recording, Home Recording<!--F/--><!--F/--></div></li><li class><div class=""s-name""><!--F#f_3--><!--F#2-->Maximum Sampling Rate<!--F/--><!--F/--></div><div class=""s-value""><!--F#f_3--><!--F#2-->24 Bit (96 kHz)<!--F/--><!--F/--></div></li><li class><div class=""s-name""><!--F#f_3--><!--F#2-->Number of Channels<!--F/--><!--F/--></div><div class=""s-value""><!--F#f_3--><!--F#2-->1<!--F/--><!--F/--></div></li><li class><div class=""s-name""><!--F#f_3--><!--F#2-->Input/Output Ports<!--F/--><!--F/--></div><div class=""s-value""><!--F#f_3--><!--F#2-->Analog In, MIDI I/O, USB Interface<!--F/--><!--F/--></div></li><li class><div class=""s-name""><!--F#f_3--><!--F#2-->Form Factor<!--F/--><!--F/--></div><div class=""s-value""><!--F#f_3--><!--F#2-->Portable<!--F/--><!--F/--></div></li><li class><div class=""s-name""><!--F#f_3--><!--F#2-->Features<!--F/--><!--F/--></div><div class=""s-value""><!--F#f_3--><!--F#2-->Software Included, Bluetooth, Phantom Power, Direct Monitoring, Bus-Powered<!--F/--><!--F/--></div></li><li class><div class=""s-name""><!--F#f_3--><!--F#2-->Type<!--F/--><!--F/--></div><div class=""s-value""><!--F#f_3--><!--F#2-->USB Audio Interface<!--F/--><!--F/--></div></li><li class><div class=""s-name""><!--F#f_3--><!--F#2-->Model<!--F/--><!--F/--></div><div class=""s-value""><!--F#f_3--><!--F#2-->Audiobox iTwo Studio<!--F/--><!--F/--></div></li></ul></div><div class=""spec-row""><h2><!--F#f_3--><!--F#2-->Dimensions<!--F/--><!--F/--></h2><ul><li class><div class=""s-name""><!--F#f_3--><!--F#2-->Item Height<!--F/--><!--F/--></div><div class=""s-value""><!--F#f_3--><!--F#2-->AudioBox iTwo<!--F/--><!--F/--></div></li><li class><div class=""s-name""><!--F#f_3--><!--F#2-->Item Weight<!--F/--><!--F/--></div><div class=""s-value""><!--F#f_3--><!--F#2-->No<!--F/--><!--F/--></div></li></ul></div></section>","Product IdentifiersBrandPreSonusGTIN0673454002946, 0140541221400UPC0673454002946, 0140541221400eBay Product ID (ePID)2164379888Product Key FeaturesSuitable ForStudio/Recording, Home RecordingMaximum Sampling Rate24 Bit (96 kHz)Number of Channels1Input/Output PortsAnalog In, MIDI I/O, USB InterfaceForm FactorPortableFeaturesSoftware Included, Bluetooth, Phantom Power, Direct Monitoring, Bus-PoweredTypeUSB Audio InterfaceModelAudiobox iTwo StudioDimensionsItem HeightAudioBox iTwoItem WeightNo",https://www.ebay.co.uk/
8e44c227-30cf-5301-9d95-d3e753710c30,B-t Models B018 Wallace Arnold Leyland Leopard Duple Dominant 2 Coach,https://www.ebay.co.uk/p/2164564968,"08/01/2021, 23:31:55",True,15.99,B-T Models,B018,7449951762736,GBP,"eBay ~ Toys & Games ~ Diecast & Vehicles ~ Cars, Trucks & Vans ~ Contemporary Manufacture",https://i.ebayimg.com/images/g/-mIAAOSwySNgOYuX/s-l640.jpg ~ https://i.ebayimg.com/images/g/oaQAAOSwappgOYuD/s-l640.jpg,2164564968,"<section class=""product-spectification""><div class=""spec-row""><h2><!--F#f_3--><!--F#2-->Product Identifiers<!--F/--><!--F/--></h2><ul><li class><div class=""s-name""><!--F#f_3--><!--F#2-->Brand<!--F/--><!--F/--></div><div class=""s-value""><!--F#f_3--><!--F#2-->B-T Models<!--F/--><!--F/--></div></li><li class><div class=""s-name""><!--F#f_3--><!--F#2-->MPN<!--F/--><!--F/--></div><div class=""s-value""><!--F#f_3--><!--F#2-->B018<!--F/--><!--F/--></div></li><li class><div class=""s-name""><!--F#f_3--><!--F#2-->GTIN<!--F/--><!--F/--></div><div class=""s-value""><!--F#f_3--><!--F#2-->7449949133166, 7449951762736<!--F/--><!--F/--></div></li><li class><div class=""s-name""><!--F#f_3--><!--F#2-->UPC<!--F/--><!--F/--></div><div class=""s-value""><!--F#f_3--><!--F#2-->7449949133166, 7449951762736<!--F/--><!--F/--></div></li><li class><div class=""s-name""><!--F#f_3--><!--F#2-->eBay Product ID (ePID)<!--F/--><!--F/--></div><div class=""s-value""><!--F#f_3--><!--F#2-->2164564968<!--F/--><!--F/--></div></li></ul></div><div class=""spec-row""><h2><!--F#f_3--><!--F#2-->Product Key Features<!--F/--><!--F/--></h2><ul><li class><div class=""s-name""><!--F#f_3--><!--F#2-->Year of Manufacture<!--F/--><!--F/--></div><div class=""s-value""><!--F#f_3--><!--F#2-->1983<!--F/--><!--F/--></div></li><li class><div class=""s-name""><!--F#f_3--><!--F#2-->Vehicle Type<!--F/--><!--F/--></div><div class=""s-value""><!--F#f_3--><!--F#2-->Bus<!--F/--><!--F/--></div></li><li class><div class=""s-name""><!--F#f_3--><!--F#2-->Vehicle Year<!--F/--><!--F/--></div><div class=""s-value""><!--F#f_3--><!--F#2-->1977<!--F/--><!--F/--></div></li><li class><div class=""s-name""><!--F#f_3--><!--F#2-->Colour<!--F/--><!--F/--></div><div class=""s-value""><!--F#f_3--><!--F#2-->Multi-colour<!--F/--><!--F/--></div></li><li class><div class=""s-name""><!--F#f_3--><!--F#2-->Scale<!--F/--><!--F/--></div><div class=""s-value""><!--F#f_3--><!--F#2-->1:76<!--F/--><!--F/--></div></li><li class><div class=""s-name""><!--F#f_3--><!--F#2-->Material<!--F/--><!--F/--></div><div class=""s-value""><!--F#f_3--><!--F#2-->Plastic<!--F/--><!--F/--></div></li></ul></div></section>","Product IdentifiersBrandB-T ModelsMPNB018GTIN7449949133166, 7449951762736UPC7449949133166, 7449951762736eBay Product ID (ePID)2164564968Product Key FeaturesYear of Manufacture1983Vehicle TypeBusVehicle Year1977ColourMulti-colourScale1:76MaterialPlastic",https://www.ebay.co.uk/
cad9a7c7-832c-5521-a441-a13733315172,Official Licensed Tottenham Hotspur FC Dual Action Football Pump,https://www.ebay.co.uk/p/2167941956,"08/01/2021, 23:31:55",True,5.95,Tottenham Hotspur F.C.,,5037970042599,GBP,eBay ~ Sporting Goods ~ Cycling ~ Bike Maintenance & Tools ~ Pumps,https://i.ebayimg.com/images/g/2r4AAOSwcV5eQb0O/s-l640.jpg ~ https://i.ebayimg.com/images/g/SWMAAOSwlrFauPWJ/s-l64.jpg ~ https://i.ebayimg.com/images/g/pyUAAOSwnCxauPWJ/s-l64.jpg,2167941956,"<section class=""product-spectification""><div class=""spec-row""><h2><!--F#f_3--><!--F#2-->Product Identifiers<!--F/--><!--F/--></h2><ul><li class><div class=""s-name""><!--F#f_3--><!--F#2-->Brand<!--F/--><!--F/--></div><div class=""s-value""><!--F#f_3--><!--F#2-->Tottenham Hotspur F.C.<!--F/--><!--F/--></div></li><li class><div class=""s-name""><!--F#f_3--><!--F#2-->GTIN<!--F/--><!--F/--></div><div class=""s-value""><!--F#f_3--><!--F#2-->5037970042599<!--F/--><!--F/--></div></li><li class><div class=""s-name""><!--F#f_3--><!--F#2-->UPC<!--F/--><!--F/--></div><div class=""s-value""><!--F#f_3--><!--F#2-->5037970042599<!--F/--><!--F/--></div></li><li class><div class=""s-name""><!--F#f_3--><!--F#2-->eBay Product ID (ePID)<!--F/--><!--F/--></div><div class=""s-value""><!--F#f_3--><!--F#2-->2167941956<!--F/--><!--F/--></div></li></ul></div><div class=""spec-row""><h2><!--F#f_3--><!--F#2-->Product Key Features<!--F/--><!--F/--></h2><ul><li class><div class=""s-name""><!--F#f_3--><!--F#2-->Sport/Activity<!--F/--><!--F/--></div><div class=""s-value""><!--F#f_3--><!--F#2-->American Football<!--F/--><!--F/--></div></li><li class><div class=""s-name""><!--F#f_3--><!--F#2-->Colour<!--F/--><!--F/--></div><div class=""s-value""><!--F#f_3--><!--F#2-->White<!--F/--><!--F/--></div></li><li class><div class=""s-name""><!--F#f_3--><!--F#2-->Features<!--F/--><!--F/--></div><div class=""s-value""><!--F#f_3--><!--F#2-->Dual Action<!--F/--><!--F/--></div></li><li class><div class=""s-name""><!--F#f_3--><!--F#2-->Material<!--F/--><!--F/--></div><div class=""s-value""><!--F#f_3--><!--F#2-->CARD<!--F/--><!--F/--></div></li><li class><div class=""s-name""><!--F#f_3--><!--F#2-->Type<!--F/--><!--F/--></div><div class=""s-value""><!--F#f_3--><!--F#2-->Ball Pump<!--F/--><!--F/--></div></li><li class><div class=""s-name""><!--F#f_3--><!--F#2-->Valve Type<!--F/--><!--F/--></div><div class=""s-value""><!--F#f_3--><!--F#2-->Dual<!--F/--><!--F/--></div></li></ul></div><div class=""spec-row""><h2><!--F#f_3--><!--F#2-->Dimensions<!--F/--><!--F/--></h2><ul><li class><div class=""s-name""><!--F#f_3--><!--F#2-->Item Height<!--F/--><!--F/--></div><div class=""s-value""><!--F#f_3--><!--F#2-->Approx<!--F/--><!--F/--></div></li></ul></div></section>",Product IdentifiersBrandTottenham Hotspur F.C.GTIN5037970042599UPC5037970042599eBay Product ID (ePID)2167941956Product Key FeaturesSport/ActivityAmerican FootballColourWhiteFeaturesDual ActionMaterialCARDTypeBall PumpValve TypeDualDimensionsItem HeightApprox,https://www.ebay.co.uk/
97023667-af0f-5c0a-9ac3-68520c341d9c,Precious Nature 100 Natural Oil ALFAPARF MILANO for Long & Straight Hair. 100ml,https://www.ebay.co.uk/p/2169545011,"08/01/2021, 23:31:55",True,21.6,ALFAPARF MILANO,,8022297059921,GBP,"eBay ~ Health & Beauty ~ Hair Care & Styling ~ Treatments, Oils & Protectors",https://i.ebayimg.com/images/g/fX4AAOSwmLlX2r9r/s-l640.jpg ~ https://i.ebayimg.com/images/g/yLIAAOSw4shX2r9r/s-l640.jpg,2169545011,"<section class=""product-spectification""><div class=""spec-row""><h2><!--F#f_3--><!--F#2-->Product Identifiers<!--F/--><!--F/--></h2><ul><li class><div class=""s-name""><!--F#f_3--><!--F#2-->Brand<!--F/--><!--F/--></div><div class=""s-value""><!--F#f_3--><!--F#2-->ALFAPARF MILANO<!--F/--><!--F/--></div></li><li class><div class=""s-name""><!--F#f_3--><!--F#2-->GTIN<!--F/--><!--F/--></div><div class=""s-value""><!--F#f_3--><!--F#2-->8022297059921<!--F/--><!--F/--></div></li><li class><div class=""s-name""><!--F#f_3--><!--F#2-->UPC<!--F/--><!--F/--></div><div class=""s-value""><!--F#f_3--><!--F#2-->8022297059921<!--F/--><!--F/--></div></li><li class><div class=""s-name""><!--F#f_3--><!--F#2-->eBay Product ID (ePID)<!--F/--><!--F/--></div><div class=""s-value""><!--F#f_3--><!--F#2-->2169545011<!--F/--><!--F/--></div></li></ul></div><div class=""spec-row""><h2><!--F#f_3--><!--F#2-->Product Key Features<!--F/--><!--F/--></h2><ul><li class><div class=""s-name""><!--F#f_3--><!--F#2-->Hair Type<!--F/--><!--F/--></div><div class=""s-value""><!--F#f_3--><!--F#2-->All Hair Types, Coarse Hair<!--F/--><!--F/--></div></li><li class><div class=""s-name""><!--F#f_3--><!--F#2-->Formulation<!--F/--><!--F/--></div><div class=""s-value""><!--F#f_3--><!--F#2-->Oil<!--F/--><!--F/--></div></li><li class><div class=""s-name""><!--F#f_3--><!--F#2-->Styling Effect<!--F/--><!--F/--></div><div class=""s-value""><!--F#f_3--><!--F#2-->Smoothing<!--F/--><!--F/--></div></li><li class><div class=""s-name""><!--F#f_3--><!--F#2-->Type<!--F/--><!--F/--></div><div class=""s-value""><!--F#f_3--><!--F#2-->Elixir Oil<!--F/--><!--F/--></div></li></ul></div><div class=""spec-row""><h2><!--F#f_3--><!--F#2-->Dimensions<!--F/--><!--F/--></h2><ul><li class><div class=""s-name""><!--F#f_3--><!--F#2-->Volume<!--F/--><!--F/--></div><div class=""s-value""><!--F#f_3--><!--F#2-->100 ml<!--F/--><!--F/--></div></li></ul></div></section>","Product IdentifiersBrandALFAPARF MILANOGTIN8022297059921UPC8022297059921eBay Product ID (ePID)2169545011Product Key FeaturesHair TypeAll Hair Types, Coarse HairFormulationOilStyling EffectSmoothingTypeElixir OilDimensionsVolume100 ml",https://www.ebay.co.uk/
bf886257-197c-5dac-9219-89ca5d7c090a,1x Summer Tyre Pirelli Cinturato P 7 Blue 215/50r17 95w XL,https://www.ebay.co.uk/p/2172439443,"08/01/2021, 23:31:55",True,135.91,Pirelli,,8019227311648,GBP,"eBay ~ Vehicle Parts & Accessories ~ Car Wheels, Tyres & Trims ~ Tyres",https://i.ebayimg.com/images/g/JjEAAOSwnkJfLhRJ/s-l640.jpg ~ https://i.ebayimg.com/images/g/9nYAAOSwZlZaMs0S/s-l640.jpg,2172439443,"<section class=""product-spectification""><div class=""spec-row""><h2><!--F#f_3--><!--F#2-->Product Identifiers<!--F/--><!--F/--></h2><ul><li class><div class=""s-name""><!--F#f_3--><!--F#2-->Brand<!--F/--><!--F/--></div><div class=""s-value""><!--F#f_3--><!--F#2-->Pirelli<!--F/--><!--F/--></div></li><li class><div class=""s-name""><!--F#f_3--><!--F#2-->GTIN<!--F/--><!--F/--></div><div class=""s-value""><!--F#f_3--><!--F#2-->8019227311648<!--F/--><!--F/--></div></li><li class><div class=""s-name""><!--F#f_3--><!--F#2-->UPC<!--F/--><!--F/--></div><div class=""s-value""><!--F#f_3--><!--F#2-->8019227311648<!--F/--><!--F/--></div></li><li class><div class=""s-name""><!--F#f_3--><!--F#2-->eBay Product ID (ePID)<!--F/--><!--F/--></div><div class=""s-value""><!--F#f_3--><!--F#2-->2172439443<!--F/--><!--F/--></div></li></ul></div><div class=""spec-row""><h2><!--F#f_3--><!--F#2-->Product Key Features<!--F/--><!--F/--></h2><ul><li class><div class=""s-name""><!--F#f_3--><!--F#2-->Speed Rating<!--F/--><!--F/--></div><div class=""s-value""><!--F#f_3--><!--F#2-->W: max 168 mph<!--F/--><!--F/--></div></li><li class><div class=""s-name""><!--F#f_3--><!--F#2-->Load Index<!--F/--><!--F/--></div><div class=""s-value""><!--F#f_3--><!--F#2-->95<!--F/--><!--F/--></div></li><li class><div class=""s-name""><!--F#f_3--><!--F#2-->Vehicle Type<!--F/--><!--F/--></div><div class=""s-value""><!--F#f_3--><!--F#2-->Car<!--F/--><!--F/--></div></li><li class><div class=""s-name""><!--F#f_3--><!--F#2-->Tyre Width<!--F/--><!--F/--></div><div class=""s-value""><!--F#f_3--><!--F#2-->215<!--F/--><!--F/--></div></li><li class><div class=""s-name""><!--F#f_3--><!--F#2-->Fitting Included<!--F/--><!--F/--></div><div class=""s-value""><!--F#f_3--><!--F#2-->No<!--F/--><!--F/--></div></li><li class><div class=""s-name""><!--F#f_3--><!--F#2-->Wet grip performance (A-G)<!--F/--><!--F/--></div><div class=""s-value""><!--F#f_3--><!--F#2-->A<!--F/--><!--F/--></div></li><li class><div class=""s-name""><!--F#f_3--><!--F#2-->Rim Diameter<!--F/--><!--F/--></div><div class=""s-value""><!--F#f_3--><!--F#2-->17<!--F/--><!--F/--></div></li><li class><div class=""s-name""><!--F#f_3--><!--F#2-->Aspect Ratio<!--F/--><!--F/--></div><div class=""s-value""><!--F#f_3--><!--F#2-->50<!--F/--><!--F/--></div></li><li class><div class=""s-name""><!--F#f_3--><!--F#2-->Tyre fuel efficiency (A-G)<!--F/--><!--F/--></div><div class=""s-value""><!--F#f_3--><!--F#2-->A<!--F/--><!--F/--></div></li><li class><div class=""s-name""><!--F#f_3--><!--F#2-->External rolling noise (dB; class)<!--F/--><!--F/--></div><div class=""s-value""><!--F#f_3--><!--F#2-->71<!--F/--><!--F/--></div></li><li class><div class=""s-name""><!--F#f_3--><!--F#2-->Type<!--F/--><!--F/--></div><div class=""s-value""><!--F#f_3--><!--F#2-->Summer<!--F/--><!--F/--></div></li><li class><div class=""s-name""><!--F#f_3--><!--F#2-->Model<!--F/--><!--F/--></div><div class=""s-value""><!--F#f_3--><!--F#2-->CINTURATO P 7 BLUE<!--F/--><!--F/--></div></li></ul></div></section>",Product IdentifiersBrandPirelliGTIN8019227311648UPC8019227311648eBay Product ID (ePID)2172439443Product Key FeaturesSpeed RatingW: max 168 mphLoad Index95Vehicle TypeCarTyre Width215Fitting IncludedNoWet grip performance (A-G)ARim Diameter17Aspect Ratio50Tyre fuel efficiency (A-G)AExternal rolling noise (dB; class)71TypeSummerModelCINTURATO P 7 BLUE,https://www.ebay.co.uk/
d26a6a89-54c3-52b8-a5cf-24601fcf6f33,Set of 4 Jewellery Display Ring Stands *orchid Pink* Made in The UK,https://www.ebay.co.uk/p/2172590548,"08/01/2021, 23:31:56",True,13.75,,,0717125100583,GBP,eBay ~ Jewellery & Watches ~ Jewellery Boxes & Supplies ~ Jewellery Display,https://i.ebayimg.com/images/g/gcEAAOSwzEdeQ-FC/s-l640.jpg ~ https://i.ebayimg.com/images/g/DTkAAOSwk6pZiXkM/s-l64.jpg ~ https://i.ebayimg.com/images/g/heAAAOSwRYpZiXkW/s-l64.jpg ~ https://i.ebayimg.com/images/g/v2oAAOSw6KVZiXkg/s-l64.jpg,2172590548,"<section class=""product-spectification""><div class=""spec-row""><h2><!--F#f_3--><!--F#2-->Product Identifiers<!--F/--><!--F/--></h2><ul><li class><div class=""s-name""><!--F#f_3--><!--F#2-->GTIN<!--F/--><!--F/--></div><div class=""s-value""><!--F#f_3--><!--F#2-->0717125100583<!--F/--><!--F/--></div></li><li class><div class=""s-name""><!--F#f_3--><!--F#2-->UPC<!--F/--><!--F/--></div><div class=""s-value""><!--F#f_3--><!--F#2-->0717125100583<!--F/--><!--F/--></div></li><li class><div class=""s-name""><!--F#f_3--><!--F#2-->eBay Product ID (ePID)<!--F/--><!--F/--></div><div class=""s-value""><!--F#f_3--><!--F#2-->2172590548<!--F/--><!--F/--></div></li></ul></div><div class=""spec-row""><h2><!--F#f_3--><!--F#2-->Product Key Features<!--F/--><!--F/--></h2><ul><li class><div class=""s-name""><!--F#f_3--><!--F#2-->Suitable For<!--F/--><!--F/--></div><div class=""s-value""><!--F#f_3--><!--F#2-->Necklaces<!--F/--><!--F/--></div></li><li class><div class=""s-name""><!--F#f_3--><!--F#2-->Type<!--F/--><!--F/--></div><div class=""s-value""><!--F#f_3--><!--F#2-->Displays<!--F/--><!--F/--></div></li></ul></div></section>",Product IdentifiersGTIN0717125100583UPC0717125100583eBay Product ID (ePID)2172590548Product Key FeaturesSuitable ForNecklacesTypeDisplays,https://www.ebay.co.uk/
b9681c88-24f7-57e0-aee3-7f126ef9d45e,VW Golf Mk7 Front Bumper Lower Right Grille 5G0853666H041 Genuine 2015,https://www.ebay.co.uk/p/2173086677,"08/01/2021, 23:31:56",True,38.0,Volkswagen,5G0853666H041,,GBP,eBay ~ Vehicle Parts & Accessories ~ Car Parts ~ Exterior & Body Parts ~ Grills/Air Intakes,,2173086677,"<section class=""product-spectification""><div class=""spec-row""><h2><!--F#f_3--><!--F#2-->Product Identifiers<!--F/--><!--F/--></h2><ul><li class><div class=""s-name""><!--F#f_3--><!--F#2-->Brand<!--F/--><!--F/--></div><div class=""s-value""><!--F#f_3--><!--F#2-->Volkswagen<!--F/--><!--F/--></div></li><li class><div class=""s-name""><!--F#f_3--><!--F#2-->Manufacturer Part Number<!--F/--><!--F/--></div><div class=""s-value""><!--F#f_3--><!--F#2-->5G0853666H041<!--F/--><!--F/--></div></li><li class><div class=""s-name""><!--F#f_3--><!--F#2-->eBay Product ID (ePID)<!--F/--><!--F/--></div><div class=""s-value""><!--F#f_3--><!--F#2-->2173086677<!--F/--><!--F/--></div></li></ul></div><div class=""spec-row""><h2><!--F#f_3--><!--F#2-->Product Key Features<!--F/--><!--F/--></h2><ul><li class><div class=""s-name""><!--F#f_3--><!--F#2-->Classic Car Part<!--F/--><!--F/--></div><div class=""s-value""><!--F#f_3--><!--F#2-->Yes<!--F/--><!--F/--></div></li><li class><div class=""s-name""><!--F#f_3--><!--F#2-->Colour<!--F/--><!--F/--></div><div class=""s-value""><!--F#f_3--><!--F#2-->Black<!--F/--><!--F/--></div></li><li class><div class=""s-name""><!--F#f_3--><!--F#2-->Reference OE/OEM Number<!--F/--><!--F/--></div><div class=""s-value""><!--F#f_3--><!--F#2-->5G0853666H041<!--F/--><!--F/--></div></li><li class><div class=""s-name""><!--F#f_3--><!--F#2-->Placement on Vehicle<!--F/--><!--F/--></div><div class=""s-value""><!--F#f_3--><!--F#2-->Right, Front<!--F/--><!--F/--></div></li></ul></div></section>","Product IdentifiersBrandVolkswagenManufacturer Part Number5G0853666H041eBay Product ID (ePID)2173086677Product Key FeaturesClassic Car PartYesColourBlackReference OE/OEM Number5G0853666H041Placement on VehicleRight, Front",https://www.ebay.co.uk/
6593c325-73ca-5d9c-830f-10f0bde816fd,C1138 Hasbro My Little Pony Cheerilee -,https://www.ebay.co.uk/p/2172352802,"08/01/2021, 23:31:56",True,4.25,Hasbro,,5010993354368,GBP,eBay ~ Toys & Games ~ Action Figures & Accessories ~ Action Figures,https://i.ebayimg.com/images/g/9N0AAOSwb5Vfy4ld/s-l640.jpg,2172352802,"<section class=""product-spectification""><div class=""spec-row""><h2><!--F#f_3--><!--F#2-->Product Identifiers<!--F/--><!--F/--></h2><ul><li class><div class=""s-name""><!--F#f_3--><!--F#2-->Brand<!--F/--><!--F/--></div><div class=""s-value""><!--F#f_3--><!--F#2-->Hasbro<!--F/--><!--F/--></div></li><li class><div class=""s-name""><!--F#f_3--><!--F#2-->GTIN<!--F/--><!--F/--></div><div class=""s-value""><!--F#f_3--><!--F#2-->5010993354368<!--F/--><!--F/--></div></li><li class><div class=""s-name""><!--F#f_3--><!--F#2-->UPC<!--F/--><!--F/--></div><div class=""s-value""><!--F#f_3--><!--F#2-->5010993354368<!--F/--><!--F/--></div></li><li class><div class=""s-name""><!--F#f_3--><!--F#2-->eBay Product ID (ePID)<!--F/--><!--F/--></div><div class=""s-value""><!--F#f_3--><!--F#2-->2172352802<!--F/--><!--F/--></div></li></ul></div><div class=""spec-row""><h2><!--F#f_3--><!--F#2-->Product Key Features<!--F/--><!--F/--></h2><ul><li class><div class=""s-name""><!--F#f_3--><!--F#2-->Year Manufactured<!--F/--><!--F/--></div><div class=""s-value""><!--F#f_3--><!--F#2-->2016<!--F/--><!--F/--></div></li><li class><div class=""s-name""><!--F#f_3--><!--F#2-->Character<!--F/--><!--F/--></div><div class=""s-value""><!--F#f_3--><!--F#2-->Princess<!--F/--><!--F/--></div></li><li class><div class=""s-name""><!--F#f_3--><!--F#2-->Age Level<!--F/--><!--F/--></div><div class=""s-value""><!--F#f_3--><!--F#2-->3-4 Years<!--F/--><!--F/--></div></li><li class><div class=""s-name""><!--F#f_3--><!--F#2-->Colour<!--F/--><!--F/--></div><div class=""s-value""><!--F#f_3--><!--F#2-->Pink<!--F/--><!--F/--></div></li><li class><div class=""s-name""><!--F#f_3--><!--F#2-->Original/Licensed Reproduction<!--F/--><!--F/--></div><div class=""s-value""><!--F#f_3--><!--F#2-->Original<!--F/--><!--F/--></div></li><li class><div class=""s-name""><!--F#f_3--><!--F#2-->Material<!--F/--><!--F/--></div><div class=""s-value""><!--F#f_3--><!--F#2-->Plastic<!--F/--><!--F/--></div></li><li class><div class=""s-name""><!--F#f_3--><!--F#2-->Franchise<!--F/--><!--F/--></div><div class=""s-value""><!--F#f_3--><!--F#2-->My Little Pony<!--F/--><!--F/--></div></li><li class><div class=""s-name""><!--F#f_3--><!--F#2-->Type<!--F/--><!--F/--></div><div class=""s-value""><!--F#f_3--><!--F#2-->Action Figure<!--F/--><!--F/--></div></li><li class><div class=""s-name""><!--F#f_3--><!--F#2-->Theme<!--F/--><!--F/--></div><div class=""s-value""><!--F#f_3--><!--F#2-->TV, Movie &amp; Video Games<!--F/--><!--F/--></div></li></ul></div><div class=""spec-row""><h2><!--F#f_3--><!--F#2-->Dimensions<!--F/--><!--F/--></h2><ul><li class><div class=""s-name""><!--F#f_3--><!--F#2-->Item Weight<!--F/--><!--F/--></div><div class=""s-value""><!--F#f_3--><!--F#2-->13 hundredths-pounds<!--F/--><!--F/--></div></li></ul></div></section>","Product IdentifiersBrandHasbroGTIN5010993354368UPC5010993354368eBay Product ID (ePID)2172352802Product Key FeaturesYear Manufactured2016CharacterPrincessAge Level3-4 YearsColourPinkOriginal/Licensed ReproductionOriginalMaterialPlasticFranchiseMy Little PonyTypeAction FigureThemeTV, Movie & Video GamesDimensionsItem Weight13 hundredths-pounds",https://www.ebay.co.uk/
ea09ae96-20f3-5170-b4e6-90415cb83553,AS92058 Team Associated B64 Front Cva Bones 76 Mm,https://www.ebay.co.uk/p/2175203822,"08/01/2021, 23:31:56",True,16.49,Team Associated,AS92058,0784695920583,GBP,"eBay ~ Toys & Games ~ Radio Control & RC Toys ~ RC Model Vehicle Parts & Accs ~ Chassis, Drivetrain & Wheels ~ Suspension & Steering Parts",https://i.ebayimg.com/images/g/RigAAOSwc1BehhOD/s-l640.jpg,2175203822,"<section class=""product-spectification""><div class=""spec-row""><h2><!--F#f_3--><!--F#2-->Product Identifiers<!--F/--><!--F/--></h2><ul><li class><div class=""s-name""><!--F#f_3--><!--F#2-->Brand<!--F/--><!--F/--></div><div class=""s-value""><!--F#f_3--><!--F#2-->Team Associated<!--F/--><!--F/--></div></li><li class><div class=""s-name""><!--F#f_3--><!--F#2-->MPN<!--F/--><!--F/--></div><div class=""s-value""><!--F#f_3--><!--F#2-->AS92058<!--F/--><!--F/--></div></li><li class><div class=""s-name""><!--F#f_3--><!--F#2-->GTIN<!--F/--><!--F/--></div><div class=""s-value""><!--F#f_3--><!--F#2-->0784695920583<!--F/--><!--F/--></div></li><li class><div class=""s-name""><!--F#f_3--><!--F#2-->UPC<!--F/--><!--F/--></div><div class=""s-value""><!--F#f_3--><!--F#2-->0784695920583<!--F/--><!--F/--></div></li><li class><div class=""s-name""><!--F#f_3--><!--F#2-->eBay Product ID (ePID)<!--F/--><!--F/--></div><div class=""s-value""><!--F#f_3--><!--F#2-->2175203822<!--F/--><!--F/--></div></li></ul></div><div class=""spec-row""><h2><!--F#f_3--><!--F#2-->Product Key Features<!--F/--><!--F/--></h2><ul><li class><div class=""s-name""><!--F#f_3--><!--F#2-->Compatible Fuel Type<!--F/--><!--F/--></div><div class=""s-value""><!--F#f_3--><!--F#2-->Electric<!--F/--><!--F/--></div></li><li class><div class=""s-name""><!--F#f_3--><!--F#2-->Compatible Scale<!--F/--><!--F/--></div><div class=""s-value""><!--F#f_3--><!--F#2-->1:10<!--F/--><!--F/--></div></li></ul></div></section>",Product IdentifiersBrandTeam AssociatedMPNAS92058GTIN0784695920583UPC0784695920583eBay Product ID (ePID)2175203822Product Key FeaturesCompatible Fuel TypeElectricCompatible Scale1:10,https://www.ebay.co.uk/
414b3412-c33b-59ed-afec-3c4d0d52cb8a,for Ford TRANSIT Cigar Lighter Knob & Element 2000-2006 1073958 Top Quality,https://www.ebay.co.uk/p/2180151096,"08/01/2021, 23:31:56",True,9.58,,,7109534969722,GBP,eBay ~ Vehicle Parts & Accessories ~ Car Parts ~ Electrical Components ~ Other Electrical Components,https://i.ebayimg.com/images/g/f9AAAOSw2xlZlHwH/s-l640.jpg ~ https://i.ebayimg.com/images/g/G48AAOSwuNBZlHwI/s-l640.jpg,2180151096,"<section class=""product-spectification""><div class=""spec-row""><h2><!--F#f_3--><!--F#2-->Product Identifiers<!--F/--><!--F/--></h2><ul><li class><div class=""s-name""><!--F#f_3--><!--F#2-->GTIN<!--F/--><!--F/--></div><div class=""s-value""><!--F#f_3--><!--F#2-->7109534969722<!--F/--><!--F/--></div></li><li class><div class=""s-name""><!--F#f_3--><!--F#2-->UPC<!--F/--><!--F/--></div><div class=""s-value""><!--F#f_3--><!--F#2-->7109534969722<!--F/--><!--F/--></div></li><li class><div class=""s-name""><!--F#f_3--><!--F#2-->eBay Product ID (ePID)<!--F/--><!--F/--></div><div class=""s-value""><!--F#f_3--><!--F#2-->2180151096<!--F/--><!--F/--></div></li></ul></div><div class=""spec-row""><h2><!--F#f_3--><!--F#2-->Product Key Features<!--F/--><!--F/--></h2><ul><li class><div class=""s-name""><!--F#f_3--><!--F#2-->Reference OE/OEM Number<!--F/--><!--F/--></div><div class=""s-value""><!--F#f_3--><!--F#2-->1073958,98AG-15052-AB 98AG-15052-AB, 1447680,1073223<!--F/--><!--F/--></div></li></ul></div></section>","Product IdentifiersGTIN7109534969722UPC7109534969722eBay Product ID (ePID)2180151096Product Key FeaturesReference OE/OEM Number1073958,98AG-15052-AB 98AG-15052-AB, 1447680,1073223",https://www.ebay.co.uk/
b2e4401a-9c7a-53ec-9b8f-272247e8d445,Dorbz Game of Thrones 371 Cersei Lannister Funko 42175,https://www.ebay.co.uk/p/2179140046,"08/01/2021, 23:31:56",True,5.99,Funko,,0889698142175,GBP,eBay ~ Toys & Games ~ Action Figures & Accessories ~ Action Figures,https://i.ebayimg.com/images/g/zTIAAOSwPqZeQ8kV/s-l640.jpg,2179140046,"<section class=""product-spectification""><div class=""spec-row""><h2><!--F#f_3--><!--F#2-->Product Identifiers<!--F/--><!--F/--></h2><ul><li class><div class=""s-name""><!--F#f_3--><!--F#2-->Brand<!--F/--><!--F/--></div><div class=""s-value""><!--F#f_3--><!--F#2-->Funko<!--F/--><!--F/--></div></li><li class><div class=""s-name""><!--F#f_3--><!--F#2-->GTIN<!--F/--><!--F/--></div><div class=""s-value""><!--F#f_3--><!--F#2-->0889698142175<!--F/--><!--F/--></div></li><li class><div class=""s-name""><!--F#f_3--><!--F#2-->UPC<!--F/--><!--F/--></div><div class=""s-value""><!--F#f_3--><!--F#2-->0889698142175<!--F/--><!--F/--></div></li><li class><div class=""s-name""><!--F#f_3--><!--F#2-->eBay Product ID (ePID)<!--F/--><!--F/--></div><div class=""s-value""><!--F#f_3--><!--F#2-->2179140046<!--F/--><!--F/--></div></li></ul></div><div class=""spec-row""><h2><!--F#f_3--><!--F#2-->Product Key Features<!--F/--><!--F/--></h2><ul><li class><div class=""s-name""><!--F#f_3--><!--F#2-->Year Manufactured<!--F/--><!--F/--></div><div class=""s-value""><!--F#f_3--><!--F#2-->2017<!--F/--><!--F/--></div></li><li class><div class=""s-name""><!--F#f_3--><!--F#2-->Sport<!--F/--><!--F/--></div><div class=""s-value""><!--F#f_3--><!--F#2-->Boxing<!--F/--><!--F/--></div></li><li class><div class=""s-name""><!--F#f_3--><!--F#2-->Original/Licensed Reproduction<!--F/--><!--F/--></div><div class=""s-value""><!--F#f_3--><!--F#2-->Original<!--F/--><!--F/--></div></li><li class><div class=""s-name""><!--F#f_3--><!--F#2-->Features<!--F/--><!--F/--></div><div class=""s-value""><!--F#f_3--><!--F#2-->Boxed<!--F/--><!--F/--></div></li><li class><div class=""s-name""><!--F#f_3--><!--F#2-->Character<!--F/--><!--F/--></div><div class=""s-value""><!--F#f_3--><!--F#2-->Pop, Jon Snow<!--F/--><!--F/--></div></li><li class><div class=""s-name""><!--F#f_3--><!--F#2-->Material<!--F/--><!--F/--></div><div class=""s-value""><!--F#f_3--><!--F#2-->Vinyl<!--F/--><!--F/--></div></li><li class><div class=""s-name""><!--F#f_3--><!--F#2-->Franchise<!--F/--><!--F/--></div><div class=""s-value""><!--F#f_3--><!--F#2-->Game of Thrones<!--F/--><!--F/--></div></li><li class><div class=""s-name""><!--F#f_3--><!--F#2-->Type<!--F/--><!--F/--></div><div class=""s-value""><!--F#f_3--><!--F#2-->Action Figure<!--F/--><!--F/--></div></li></ul></div></section>","Product IdentifiersBrandFunkoGTIN0889698142175UPC0889698142175eBay Product ID (ePID)2179140046Product Key FeaturesYear Manufactured2017SportBoxingOriginal/Licensed ReproductionOriginalFeaturesBoxedCharacterPop, Jon SnowMaterialVinylFranchiseGame of ThronesTypeAction Figure",https://www.ebay.co.uk/
360baa0f-9a21-56f7-90a6-2a599007ef53,Audi (Genuine OE) 8T0807889,https://www.ebay.co.uk/p/2185680238,"08/01/2021, 23:31:56",True,23.29,Audi,8T0807889,0000080807889,GBP,eBay ~ Vehicle Parts & Accessories ~ Car Parts ~ Exterior & Body Parts ~ Bumpers & Rubbing Strips,https://i.ebayimg.com/images/g/mo4AAOSwDABd8kxd/s-l640.jpg ~ https://i.ebayimg.com/images/g/rWMAAOSwwJ1d8kxe/s-l640.jpg ~ https://i.ebayimg.com/images/g/5E4AAOSweP9d8kxf/s-l640.jpg ~ https://i.ebayimg.com/images/g/ByEAAOSwNw1d8kxg/s-l640.jpg,2185680238,"<section class=""product-spectification""><div class=""spec-row""><h2><!--F#f_3--><!--F#2-->Product Identifiers<!--F/--><!--F/--></h2><ul><li class><div class=""s-name""><!--F#f_3--><!--F#2-->Brand<!--F/--><!--F/--></div><div class=""s-value""><!--F#f_3--><!--F#2-->Audi<!--F/--><!--F/--></div></li><li class><div class=""s-name""><!--F#f_3--><!--F#2-->MPN<!--F/--><!--F/--></div><div class=""s-value""><!--F#f_3--><!--F#2-->8T0807889<!--F/--><!--F/--></div></li><li class><div class=""s-name""><!--F#f_3--><!--F#2-->GTIN<!--F/--><!--F/--></div><div class=""s-value""><!--F#f_3--><!--F#2-->0000080807889<!--F/--><!--F/--></div></li><li class><div class=""s-name""><!--F#f_3--><!--F#2-->UPC<!--F/--><!--F/--></div><div class=""s-value""><!--F#f_3--><!--F#2-->0000080807889<!--F/--><!--F/--></div></li><li class><div class=""s-name""><!--F#f_3--><!--F#2-->eBay Product ID (ePID)<!--F/--><!--F/--></div><div class=""s-value""><!--F#f_3--><!--F#2-->2185680238<!--F/--><!--F/--></div></li></ul></div><div class=""spec-row""><h2><!--F#f_3--><!--F#2-->Product Key Features<!--F/--><!--F/--></h2><ul><li class><div class=""s-name""><!--F#f_3--><!--F#2-->Reference OE/OEM Number<!--F/--><!--F/--></div><div class=""s-value""><!--F#f_3--><!--F#2-->Support, Fixation, Clamp, Halter, Guide, Rack, Holder, Soporte, 8T0807889<!--F/--><!--F/--></div></li><li class><div class=""s-name""><!--F#f_3--><!--F#2-->Placement on Vehicle<!--F/--><!--F/--></div><div class=""s-value""><!--F#f_3--><!--F#2-->Right, Rear, Left<!--F/--><!--F/--></div></li><li class><div class=""s-name""><!--F#f_3--><!--F#2-->Colour<!--F/--><!--F/--></div><div class=""s-value""><!--F#f_3--><!--F#2-->Black<!--F/--><!--F/--></div></li><li class><div class=""s-name""><!--F#f_3--><!--F#2-->Paint Code<!--F/--><!--F/--></div><div class=""s-value""><!--F#f_3--><!--F#2-->Garnet Red LZ3F<!--F/--><!--F/--></div></li><li class><div class=""s-name""><!--F#f_3--><!--F#2-->Type<!--F/--><!--F/--></div><div class=""s-value""><!--F#f_3--><!--F#2-->Bumper<!--F/--><!--F/--></div></li></ul></div></section>","Product IdentifiersBrandAudiMPN8T0807889GTIN0000080807889UPC0000080807889eBay Product ID (ePID)2185680238Product Key FeaturesReference OE/OEM NumberSupport, Fixation, Clamp, Halter, Guide, Rack, Holder, Soporte, 8T0807889Placement on VehicleRight, Rear, LeftColourBlackPaint CodeGarnet Red LZ3FTypeBumper",https://www.ebay.co.uk/
5964774c-09f7-5ef9-8d87-eedea73adbb5,Audi (Genuine OE) 8E5945257D,https://www.ebay.co.uk/p/2186837732,"08/01/2021, 23:31:56",True,13.99,Audi,8E5945257D,,GBP,eBay ~ Vehicle Parts & Accessories ~ Car Parts ~ External Lights & Indicators ~ Rear Light Assemblies,https://i.ebayimg.com/images/g/wSsAAOSw~7lezR5X/s-l640.jpg ~ https://i.ebayimg.com/images/g/ZFUAAOSwR3lezR5Z/s-l640.jpg,2186837732,"<section class=""product-spectification""><div class=""spec-row""><h2><!--F#f_3--><!--F#2-->Product Identifiers<!--F/--><!--F/--></h2><ul><li class><div class=""s-name""><!--F#f_3--><!--F#2-->Brand<!--F/--><!--F/--></div><div class=""s-value""><!--F#f_3--><!--F#2-->Audi<!--F/--><!--F/--></div></li><li class><div class=""s-name""><!--F#f_3--><!--F#2-->MPN<!--F/--><!--F/--></div><div class=""s-value""><!--F#f_3--><!--F#2-->8E5945257D<!--F/--><!--F/--></div></li><li class><div class=""s-name""><!--F#f_3--><!--F#2-->eBay Product ID (ePID)<!--F/--><!--F/--></div><div class=""s-value""><!--F#f_3--><!--F#2-->2186837732<!--F/--><!--F/--></div></li></ul></div><div class=""spec-row""><h2><!--F#f_3--><!--F#2-->Product Key Features<!--F/--><!--F/--></h2><ul><li class><div class=""s-name""><!--F#f_3--><!--F#2-->Placement on Vehicle<!--F/--><!--F/--></div><div class=""s-value""><!--F#f_3--><!--F#2-->Left, Right<!--F/--><!--F/--></div></li><li class><div class=""s-name""><!--F#f_3--><!--F#2-->Classic Car Part<!--F/--><!--F/--></div><div class=""s-value""><!--F#f_3--><!--F#2-->Yes<!--F/--><!--F/--></div></li><li class><div class=""s-name""><!--F#f_3--><!--F#2-->Reference OE/OEM Number<!--F/--><!--F/--></div><div class=""s-value""><!--F#f_3--><!--F#2-->8E5945257D<!--F/--><!--F/--></div></li></ul></div></section>","Product IdentifiersBrandAudiMPN8E5945257DeBay Product ID (ePID)2186837732Product Key FeaturesPlacement on VehicleLeft, RightClassic Car PartYesReference OE/OEM Number8E5945257D",https://www.ebay.co.uk/
c7751d6a-8326-587d-b47b-ddb44b59e63c,CNC Dirt Bike Pivot Brake Clutch Levers for Honda Crf250l/m 2012-2013 Red A2,https://www.ebay.co.uk/p/2187068122,"08/01/2021, 23:31:56",True,21.15,Areyourshop,M543F007RED,,GBP,"eBay ~ Vehicle Parts & Accessories ~ Motorcycle Parts ~ Handlebars, Grips & Levers ~ Brake Levers",https://i.ebayimg.com/images/g/a5QAAOSwY0Bfjk0h/s-l640.jpg ~ https://i.ebayimg.com/images/g/wGcAAOSw6zlfjk0i/s-l640.jpg ~ https://i.ebayimg.com/images/g/10kAAOSw0p9fjk0j/s-l640.jpg ~ https://i.ebayimg.com/images/g/3uUAAOSwJ-Bfjk0k/s-l640.jpg,2187068122,"<section class=""product-spectification""><div class=""spec-row""><h2><!--F#f_3--><!--F#2-->Product Identifiers<!--F/--><!--F/--></h2><ul><li class><div class=""s-name""><!--F#f_3--><!--F#2-->Brand<!--F/--><!--F/--></div><div class=""s-value""><!--F#f_3--><!--F#2-->Areyourshop<!--F/--><!--F/--></div></li><li class><div class=""s-name""><!--F#f_3--><!--F#2-->MPN<!--F/--><!--F/--></div><div class=""s-value""><!--F#f_3--><!--F#2-->M543F007RED<!--F/--><!--F/--></div></li><li class><div class=""s-name""><!--F#f_3--><!--F#2-->eBay Product ID (ePID)<!--F/--><!--F/--></div><div class=""s-value""><!--F#f_3--><!--F#2-->2187068122<!--F/--><!--F/--></div></li></ul></div><div class=""spec-row""><h2><!--F#f_3--><!--F#2-->Product Key Features<!--F/--><!--F/--></h2><ul><li class><div class=""s-name""><!--F#f_3--><!--F#2-->Colour<!--F/--><!--F/--></div><div class=""s-value""><!--F#f_3--><!--F#2-->Red<!--F/--><!--F/--></div></li></ul></div></section>",Product IdentifiersBrandAreyourshopMPNM543F007REDeBay Product ID (ePID)2187068122Product Key FeaturesColourRed,https://www.ebay.co.uk/
049c5e22-997c-55e1-98b4-fcee2d2b9dc9,2012 CITROEN C3 Picasso Injector 1.6 HDi Diesel 870692,https://www.ebay.co.uk/p/2195285132,"08/01/2021, 23:31:56",True,34.99,Citroën,870692,,GBP,eBay ~ Vehicle Parts & Accessories ~ Car Parts ~ Air Intake & Fuel Delivery ~ Fuel Injectors,https://i.ebayimg.com/images/g/ZhUAAOSw1AVcm2Zq/s-l640.jpg ~ https://i.ebayimg.com/images/g/tQMAAOSwYS5cm2Zu/s-l640.jpg ~ https://i.ebayimg.com/images/g/Sv4AAOSwLOZcm2Zz/s-l640.jpg ~ https://i.ebayimg.com/images/g/d0IAAOSwbzRcm2Z4/s-l640.jpg,2195285132,"<section class=""product-spectification""><div class=""spec-row""><h2><!--F#f_3--><!--F#2-->Product Identifiers<!--F/--><!--F/--></h2><ul><li class><div class=""s-name""><!--F#f_3--><!--F#2-->Brand<!--F/--><!--F/--></div><div class=""s-value""><!--F#f_3--><!--F#2-->Citroën<!--F/--><!--F/--></div></li><li class><div class=""s-name""><!--F#f_3--><!--F#2-->MPN<!--F/--><!--F/--></div><div class=""s-value""><!--F#f_3--><!--F#2-->870692<!--F/--><!--F/--></div></li><li class><div class=""s-name""><!--F#f_3--><!--F#2-->eBay Product ID (ePID)<!--F/--><!--F/--></div><div class=""s-value""><!--F#f_3--><!--F#2-->2195285132<!--F/--><!--F/--></div></li></ul></div><div class=""spec-row""><h2><!--F#f_3--><!--F#2-->Product Key Features<!--F/--><!--F/--></h2><ul><li class><div class=""s-name""><!--F#f_3--><!--F#2-->Classic Car Part<!--F/--><!--F/--></div><div class=""s-value""><!--F#f_3--><!--F#2-->No<!--F/--><!--F/--></div></li><li class><div class=""s-name""><!--F#f_3--><!--F#2-->Reference OE/OEM Number<!--F/--><!--F/--></div><div class=""s-value""><!--F#f_3--><!--F#2-->Fuel, 0445110340<!--F/--><!--F/--></div></li></ul></div></section>","Product IdentifiersBrandCitroënMPN870692eBay Product ID (ePID)2195285132Product Key FeaturesClassic Car PartNoReference OE/OEM NumberFuel, 0445110340",https://www.ebay.co.uk/
ca556de1-d457-5e61-911b-5b0739cd6b3c,46349 Hot Cams Springs Valve Intake and Exhaust Vsk4003,https://www.ebay.co.uk/p/2203271388,"08/01/2021, 23:31:57",True,193.8,Hot Cams,,8430525463493,GBP,eBay ~ Vehicle Parts & Accessories ~ Motorcycle Accessories ~ Other Motorcycle Accessories,https://i.ebayimg.com/images/g/sv4AAOSwi5xeJ2DN/s-l640.jpg,2203271388,"<section class=""product-spectification""><div class=""spec-row""><h2><!--F#f_3--><!--F#2-->Product Identifiers<!--F/--><!--F/--></h2><ul><li class><div class=""s-name""><!--F#f_3--><!--F#2-->Brand<!--F/--><!--F/--></div><div class=""s-value""><!--F#f_3--><!--F#2-->Hot Cams<!--F/--><!--F/--></div></li><li class><div class=""s-name""><!--F#f_3--><!--F#2-->GTIN<!--F/--><!--F/--></div><div class=""s-value""><!--F#f_3--><!--F#2-->8430525463493<!--F/--><!--F/--></div></li><li class><div class=""s-name""><!--F#f_3--><!--F#2-->UPC<!--F/--><!--F/--></div><div class=""s-value""><!--F#f_3--><!--F#2-->8430525463493<!--F/--><!--F/--></div></li><li class><div class=""s-name""><!--F#f_3--><!--F#2-->eBay Product ID (ePID)<!--F/--><!--F/--></div><div class=""s-value""><!--F#f_3--><!--F#2-->2203271388<!--F/--><!--F/--></div></li></ul></div></section>",Product IdentifiersBrandHot CamsGTIN8430525463493UPC8430525463493eBay Product ID (ePID)2203271388,https://www.ebay.co.uk/
17acf528-3217-5152-a954-95abd0117ce3,Brake Pad Fitting Kit Fits Toyota AVENSIS Zzt250 1.6 Front 03 to 08 462657rmp,https://www.ebay.co.uk/p/2200483046,"08/01/2021, 23:31:57",True,8.43,Blue Print,,5050063132960,GBP,eBay ~ Vehicle Parts & Accessories ~ Car Parts ~ Brakes & Brake Parts ~ Brake Pads,https://i.ebayimg.com/images/g/WjwAAOSwwgRg6WMQ/s-l640.jpg ~ https://i.ebayimg.com/images/g/BigAAOSwbYRghLSe/s-l640.jpg,2200483046,"<section class=""product-spectification""><div class=""spec-row""><h2><!--F#f_3--><!--F#2-->Product Identifiers<!--F/--><!--F/--></h2><ul><li class><div class=""s-name""><!--F#f_3--><!--F#2-->Brand<!--F/--><!--F/--></div><div class=""s-value""><!--F#f_3--><!--F#2-->Blue Print<!--F/--><!--F/--></div></li><li class><div class=""s-name""><!--F#f_3--><!--F#2-->GTIN<!--F/--><!--F/--></div><div class=""s-value""><!--F#f_3--><!--F#2-->5050063132960<!--F/--><!--F/--></div></li><li class><div class=""s-name""><!--F#f_3--><!--F#2-->UPC<!--F/--><!--F/--></div><div class=""s-value""><!--F#f_3--><!--F#2-->5050063132960<!--F/--><!--F/--></div></li><li class><div class=""s-name""><!--F#f_3--><!--F#2-->eBay Product ID (ePID)<!--F/--><!--F/--></div><div class=""s-value""><!--F#f_3--><!--F#2-->2200483046<!--F/--><!--F/--></div></li></ul></div><div class=""spec-row""><h2><!--F#f_3--><!--F#2-->Product Key Features<!--F/--><!--F/--></h2><ul><li class><div class=""s-name""><!--F#f_3--><!--F#2-->Placement on Vehicle<!--F/--><!--F/--></div><div class=""s-value""><!--F#f_3--><!--F#2-->Front<!--F/--><!--F/--></div></li><li class><div class=""s-name""><!--F#f_3--><!--F#2-->Reference OE/OEM Number<!--F/--><!--F/--></div><div class=""s-value""><!--F#f_3--><!--F#2-->APEC braking: KIT1003, BOSCH: 1987474311, 000000; 0000000;, HERTH+BUSS JAKOPARTS: J3662014, TRISCAN: 8105101608, ADT348600<!--F/--><!--F/--></div></li></ul></div><div class=""spec-row""><h2><!--F#f_3--><!--F#2-->Dimensions<!--F/--><!--F/--></h2><ul><li class><div class=""s-name""><!--F#f_3--><!--F#2-->Weight<!--F/--><!--F/--></div><div class=""s-value""><!--F#f_3--><!--F#2-->0.040 kg<!--F/--><!--F/--></div></li></ul></div></section>","Product IdentifiersBrandBlue PrintGTIN5050063132960UPC5050063132960eBay Product ID (ePID)2200483046Product Key FeaturesPlacement on VehicleFrontReference OE/OEM NumberAPEC braking: KIT1003, BOSCH: 1987474311, 000000; 0000000;, HERTH+BUSS JAKOPARTS: J3662014, TRISCAN: 8105101608, ADT348600DimensionsWeight0.040 kg",https://www.ebay.co.uk/
a8343b81-7d87-57fe-935c-e5c97c3da0ec,BMW E64 Convertible Menu Button Switch Module Unit 9163852,https://www.ebay.co.uk/p/2195840316,"08/01/2021, 23:31:57",True,35.4,BMW,9163852,,GBP,"eBay ~ Vehicle Parts & Accessories ~ Car Parts ~ Interior Parts & Furnishings ~ Airbags, Sensors & Accessories",https://i.ebayimg.com/images/g/AukAAOSwDGJd3pu1/s-l640.jpg ~ https://i.ebayimg.com/images/g/qhMAAOSw6-5d3pux/s-l640.jpg ~ https://i.ebayimg.com/images/g/414AAOSwKOpd3pu4/s-l640.jpg ~ https://i.ebayimg.com/images/g/nr0AAOSw~b1d3pu8/s-l640.jpg,2195840316,"<section class=""product-spectification""><div class=""spec-row""><h2><!--F#f_3--><!--F#2-->Product Identifiers<!--F/--><!--F/--></h2><ul><li class><div class=""s-name""><!--F#f_3--><!--F#2-->Brand<!--F/--><!--F/--></div><div class=""s-value""><!--F#f_3--><!--F#2-->BMW<!--F/--><!--F/--></div></li><li class><div class=""s-name""><!--F#f_3--><!--F#2-->Manufacturer Part Number<!--F/--><!--F/--></div><div class=""s-value""><!--F#f_3--><!--F#2-->9163852<!--F/--><!--F/--></div></li><li class><div class=""s-name""><!--F#f_3--><!--F#2-->eBay Product ID (ePID)<!--F/--><!--F/--></div><div class=""s-value""><!--F#f_3--><!--F#2-->2195840316<!--F/--><!--F/--></div></li></ul></div><div class=""spec-row""><h2><!--F#f_3--><!--F#2-->Product Key Features<!--F/--><!--F/--></h2><ul><li class><div class=""s-name""><!--F#f_3--><!--F#2-->Reference OE/OEM Number<!--F/--><!--F/--></div><div class=""s-value""><!--F#f_3--><!--F#2-->Convertible<!--F/--><!--F/--></div></li></ul></div></section>",Product IdentifiersBrandBMWManufacturer Part Number9163852eBay Product ID (ePID)2195840316Product Key FeaturesReference OE/OEM NumberConvertible,https://www.ebay.co.uk/
3333dd1e-1f10-549e-896a-8da9fdbe94c3,2x Blue Print Front Brake Discs Vented 282 Mm Ada104303 - Mister Auto,https://www.ebay.co.uk/p/2203837252,"08/01/2021, 23:31:57",True,23.6,Blue Print,,5050063597011,GBP,eBay ~ Vehicle Parts & Accessories ~ Car Parts ~ Brakes & Brake Parts ~ Brake Discs,https://i.ebayimg.com/images/g/ZNYAAOSwlwlgekBf/s-l640.jpg,2203837252,"<section class=""product-spectification""><div class=""spec-row""><h2><!--F#f_3--><!--F#2-->Product Identifiers<!--F/--><!--F/--></h2><ul><li class><div class=""s-name""><!--F#f_3--><!--F#2-->Brand<!--F/--><!--F/--></div><div class=""s-value""><!--F#f_3--><!--F#2-->Blue Print<!--F/--><!--F/--></div></li><li class><div class=""s-name""><!--F#f_3--><!--F#2-->GTIN<!--F/--><!--F/--></div><div class=""s-value""><!--F#f_3--><!--F#2-->5050063597011<!--F/--><!--F/--></div></li><li class><div class=""s-name""><!--F#f_3--><!--F#2-->UPC<!--F/--><!--F/--></div><div class=""s-value""><!--F#f_3--><!--F#2-->5050063597011<!--F/--><!--F/--></div></li><li class><div class=""s-name""><!--F#f_3--><!--F#2-->eBay Product ID (ePID)<!--F/--><!--F/--></div><div class=""s-value""><!--F#f_3--><!--F#2-->2203837252<!--F/--><!--F/--></div></li></ul></div><div class=""spec-row""><h2><!--F#f_3--><!--F#2-->Product Key Features<!--F/--><!--F/--></h2><ul><li class><div class=""s-name""><!--F#f_3--><!--F#2-->Placement on Vehicle<!--F/--><!--F/--></div><div class=""s-value""><!--F#f_3--><!--F#2-->Rear, Front<!--F/--><!--F/--></div></li><li class><div class=""s-name""><!--F#f_3--><!--F#2-->Classic Car Part<!--F/--><!--F/--></div><div class=""s-value""><!--F#f_3--><!--F#2-->No<!--F/--><!--F/--></div></li><li class><div class=""s-name""><!--F#f_3--><!--F#2-->Reference OE/OEM Number<!--F/--><!--F/--></div><div class=""s-value""><!--F#f_3--><!--F#2-->EUROBRAKE: 5815209301, 5815319301, EUROREPAR: 1618872980, ALLMAKES: 4721820B, AP: 24727E, AP XENERGY: X602129, DYNAMATRIX: DBD366, E.T.F.: 19-5347, EBC Brakes: D823, GD823, CHRYSLER: K04721820AE, K04721821, CIFAM: 800-473, LEMFÖRDER: 3318101, LPR: D1451V, MAGNETI MARELLI: 353611203240, BREMBO: 09.7367.11, Brembo: 09.7367.14, BREMBO: DP11001, DJ PARTS: BD1647, DOYEN: RDV019, RDV097, DYNAMATRIX: DBD1059, FTE: BS5145, BS5145B, GIRLING: 6045081, HELLA: 8DD355107-931, JAPANPARTS: DI-095, DI-095C, JAPKO: 60095, 60095C, HELLA PAGID: 8DD355107-931, IAP QUALITY PARTS: 709-02013, K05073069AA, CHRYSLER: 4721820AD, 4721820AE, 4721821, K04721820, K04721820AD, FOMAR Friction: FO4243, FREMAX: BD-5347, fri.tech.: BD0629, JURID: 562137J, 562137JC, KAGER: 37-1116, 37-1172, APEC braking: DSK796, ASHIKA: 60-00-095, 60-00-095C, JP GROUP: 5063100300, 5063100700, JURID: 561950J, 561950JC, BORG &amp; BECK: BBD4122, BOSCH: 0986478109, 0986478983, FEBI BILSTEIN: 108476, Ferodo: DDF1059, FERODO: DDF1059-1, DDF366, 04721820; 04721820AC; 04721820AE; 04721820AF; 0472, 5073069AA K04721820 K04721820AC K04721820AF, Comline: ADC2306V, COMLINE: AND6613, DACO Germany: 602208, 609330, 0004721820 0004721821  04721820AD 04721820AE, ICER: 78BD3002-2, 78BD5347-2, IJS GROUP: 80-1969, K04721820 K04721820AD K04721820AE K04721821, KAISHIN: CBR061, CBR144, KAWE: 641910, KRAFT AUTOMOTIVE: 6048550, ADA104303, CHRYSLER: 0004721820, 0004721821, 04721820, 04721820AD, Brake, CHRYSLER: 04721820AE, 04721821, 0K04721820, 0K04721821, 4721820, Brake Engineering: DI956681, BRAXIS: AE0376, BRECO: BS8316, BREMSI: CD7059V, BSF: 11447V, CAR: 142.480, HPD480, A.B.S.: 09.7367.14, 17033, ABE: C3Y007ABE, AKEBONO: BN-0813, DEEVO: BD31580, Delphi: BG3383, BG3715, DENCKERMANN: B130279, 0K04721820 0K04721821  4721820AD 4721820AE, ATE: 24.0124-0178.1, AUTO-SPEED PARTS: 290BK01303, BENDIX: 520705, AKEBONO: BN-0813E, AKRON-MALÒ: 1110810, ALLMAKES: 4721820AE<!--F/--><!--F/--></div></li><li class><div class=""s-name""><!--F#f_3--><!--F#2-->Type<!--F/--><!--F/--></div><div class=""s-value""><!--F#f_3--><!--F#2-->Brake Disc<!--F/--><!--F/--></div></li></ul></div></section>","Product IdentifiersBrandBlue PrintGTIN5050063597011UPC5050063597011eBay Product ID (ePID)2203837252Product Key FeaturesPlacement on VehicleRear, FrontClassic Car PartNoReference OE/OEM NumberEUROBRAKE: 5815209301, 5815319301, EUROREPAR: 1618872980, ALLMAKES: 4721820B, AP: 24727E, AP XENERGY: X602129, DYNAMATRIX: DBD366, E.T.F.: 19-5347, EBC Brakes: D823, GD823, CHRYSLER: K04721820AE, K04721821, CIFAM: 800-473, LEMFÖRDER: 3318101, LPR: D1451V, MAGNETI MARELLI: 353611203240, BREMBO: 09.7367.11, Brembo: 09.7367.14, BREMBO: DP11001, DJ PARTS: BD1647, DOYEN: RDV019, RDV097, DYNAMATRIX: DBD1059, FTE: BS5145, BS5145B, GIRLING: 6045081, HELLA: 8DD355107-931, JAPANPARTS: DI-095, DI-095C, JAPKO: 60095, 60095C, HELLA PAGID: 8DD355107-931, IAP QUALITY PARTS: 709-02013, K05073069AA, CHRYSLER: 4721820AD, 4721820AE, 4721821, K04721820, K04721820AD, FOMAR Friction: FO4243, FREMAX: BD-5347, fri.tech.: BD0629, JURID: 562137J, 562137JC, KAGER: 37-1116, 37-1172, APEC braking: DSK796, ASHIKA: 60-00-095, 60-00-095C, JP GROUP: 5063100300, 5063100700, JURID: 561950J, 561950JC, BORG & BECK: BBD4122, BOSCH: 0986478109, 0986478983, FEBI BILSTEIN: 108476, Ferodo: DDF1059, FERODO: DDF1059-1, DDF366, 04721820; 04721820AC; 04721820AE; 04721820AF; 0472, 5073069AA K04721820 K04721820AC K04721820AF, Comline: ADC2306V, COMLINE: AND6613, DACO Germany: 602208, 609330, 0004721820 0004721821  04721820AD 04721820AE, ICER: 78BD3002-2, 78BD5347-2, IJS GROUP: 80-1969, K04721820 K04721820AD K04721820AE K04721821, KAISHIN: CBR061, CBR144, KAWE: 641910, KRAFT AUTOMOTIVE: 6048550, ADA104303, CHRYSLER: 0004721820, 0004721821, 04721820, 04721820AD, Brake, CHRYSLER: 04721820AE, 04721821, 0K04721820, 0K04721821, 4721820, Brake Engineering: DI956681, BRAXIS: AE0376, BRECO: BS8316, BREMSI: CD7059V, BSF: 11447V, CAR: 142.480, HPD480, A.B.S.: 09.7367.14, 17033, ABE: C3Y007ABE, AKEBONO: BN-0813, DEEVO: BD31580, Delphi: BG3383, BG3715, DENCKERMANN: B130279, 0K04721820 0K04721821  4721820AD 4721820AE, ATE: 24.0124-0178.1, AUTO-SPEED PARTS: 290BK01303, BENDIX: 520705, AKEBONO: BN-0813E, AKRON-MALÒ: 1110810, ALLMAKES: 4721820AETypeBrake Disc",https://www.ebay.co.uk/
1bb78df4-f5d1-5fc4-8b85-d9a1add4b859,Alternator Carbon Brushes With Holder SBH0013,https://www.ebay.co.uk/p/2204623009,"08/01/2021, 23:31:57",True,10.67,AS-PL,SBH0013,5901259426472,GBP,eBay ~ Vehicle Parts & Accessories ~ Car Parts ~ Electrical Components ~ Starter Motors,https://i.ebayimg.com/images/g/FpIAAOSwWqFgtUdg/s-l640.jpg ~ https://i.ebayimg.com/images/g/hYcAAOSwH25gtUdg/s-l640.jpg,2204623009,"<section class=""product-spectification""><div class=""spec-row""><h2><!--F#f_3--><!--F#2-->Product Identifiers<!--F/--><!--F/--></h2><ul><li class><div class=""s-name""><!--F#f_3--><!--F#2-->Brand<!--F/--><!--F/--></div><div class=""s-value""><!--F#f_3--><!--F#2-->AS-PL<!--F/--><!--F/--></div></li><li class><div class=""s-name""><!--F#f_3--><!--F#2-->MPN<!--F/--><!--F/--></div><div class=""s-value""><!--F#f_3--><!--F#2-->SBH0013<!--F/--><!--F/--></div></li><li class><div class=""s-name""><!--F#f_3--><!--F#2-->GTIN<!--F/--><!--F/--></div><div class=""s-value""><!--F#f_3--><!--F#2-->5901259426472<!--F/--><!--F/--></div></li><li class><div class=""s-name""><!--F#f_3--><!--F#2-->UPC<!--F/--><!--F/--></div><div class=""s-value""><!--F#f_3--><!--F#2-->5901259426472<!--F/--><!--F/--></div></li><li class><div class=""s-name""><!--F#f_3--><!--F#2-->eBay Product ID (ePID)<!--F/--><!--F/--></div><div class=""s-value""><!--F#f_3--><!--F#2-->2204623009<!--F/--><!--F/--></div></li></ul></div><div class=""spec-row""><h2><!--F#f_3--><!--F#2-->Product Key Features<!--F/--><!--F/--></h2><ul><li class><div class=""s-name""><!--F#f_3--><!--F#2-->Vehicle Identification Number (VIN)<!--F/--><!--F/--></div><div class=""s-value""><!--F#f_3--><!--F#2-->Carbon<!--F/--><!--F/--></div></li><li class><div class=""s-name""><!--F#f_3--><!--F#2-->Classic Car Part<!--F/--><!--F/--></div><div class=""s-value""><!--F#f_3--><!--F#2-->No<!--F/--><!--F/--></div></li><li class><div class=""s-name""><!--F#f_3--><!--F#2-->Reference OE/OEM Number<!--F/--><!--F/--></div><div class=""s-value""><!--F#f_3--><!--F#2-->assembly generator head repair replace replacement new genuine OE, Brush Holder<!--F/--><!--F/--></div></li></ul></div></section>","Product IdentifiersBrandAS-PLMPNSBH0013GTIN5901259426472UPC5901259426472eBay Product ID (ePID)2204623009Product Key FeaturesVehicle Identification Number (VIN)CarbonClassic Car PartNoReference OE/OEM Numberassembly generator head repair replace replacement new genuine OE, Brush Holder",https://www.ebay.co.uk/
ff30bb1e-2bc9-54ba-9713-69efceb2fb6a,VAUXHALL ASTRA J 2.0d Anti Roll Bar Bush Front 2012 on A20dtr Suspension 0350621,https://www.ebay.co.uk/p/2205239649,"08/01/2021, 23:31:58",True,16.57,First Line,1250279RMP,5038068477163,GBP,eBay ~ Vehicle Parts & Accessories ~ Car Parts ~ Suspension & Steering ~ Anti-Roll/Sway Bars,https://i.ebayimg.com/images/g/PFQAAOSwUldg6cGr/s-l640.jpg ~ https://i.ebayimg.com/images/g/Ue4AAOSwaZFgzcMz/s-l640.jpg,2205239649,"<section class=""product-spectification""><div class=""spec-row""><h2><!--F#f_3--><!--F#2-->Product Identifiers<!--F/--><!--F/--></h2><ul><li class><div class=""s-name""><!--F#f_3--><!--F#2-->Brand<!--F/--><!--F/--></div><div class=""s-value""><!--F#f_3--><!--F#2-->First Line<!--F/--><!--F/--></div></li><li class><div class=""s-name""><!--F#f_3--><!--F#2-->MPN<!--F/--><!--F/--></div><div class=""s-value""><!--F#f_3--><!--F#2-->1250279RMP, 3440948RMP, 8805265RMP, 6277538RMP, 1451264RMP, 1761662RMP<!--F/--><!--F/--></div></li><li class><div class=""s-name""><!--F#f_3--><!--F#2-->GTIN<!--F/--><!--F/--></div><div class=""s-value""><!--F#f_3--><!--F#2-->5038068477163<!--F/--><!--F/--></div></li><li class><div class=""s-name""><!--F#f_3--><!--F#2-->UPC<!--F/--><!--F/--></div><div class=""s-value""><!--F#f_3--><!--F#2-->5038068477163<!--F/--><!--F/--></div></li><li class><div class=""s-name""><!--F#f_3--><!--F#2-->eBay Product ID (ePID)<!--F/--><!--F/--></div><div class=""s-value""><!--F#f_3--><!--F#2-->2205239649<!--F/--><!--F/--></div></li></ul></div><div class=""spec-row""><h2><!--F#f_3--><!--F#2-->Product Key Features<!--F/--><!--F/--></h2><ul><li class><div class=""s-name""><!--F#f_3--><!--F#2-->Placement on Vehicle<!--F/--><!--F/--></div><div class=""s-value""><!--F#f_3--><!--F#2-->Front<!--F/--><!--F/--></div></li><li class><div class=""s-name""><!--F#f_3--><!--F#2-->Reference OE/OEM Number<!--F/--><!--F/--></div><div class=""s-value""><!--F#f_3--><!--F#2-->AKRON-MALÒ: 28463, BGA: BU9547, BLUE PRINT: ADG080271, BORG &amp; BECK: BSK7430K, COMLINE: CRB3275, CSRM3100, SPIDAN: 411820, SWAG: 40937854, TOPRAN: 207949, VAICO: V40-1387, FEBI BILSTEIN: 37854, GENERAL MOTORS: 13281782, 350621, VAUXHALL: 13281782, 350621, VEMO: V40-1387, FSK7430K, METZGER: 52071808, MOOG: OP-SB-10794, OPEL: 0350621, 13281782, OPEL: 350621, QUINTON HAZELL: EMB7339, SIDEM: 809815, DELPHI: TD925W, FAI AutoParts: SS7960, SS7960K<!--F/--><!--F/--></div></li></ul></div><div class=""spec-row""><h2><!--F#f_3--><!--F#2-->Dimensions<!--F/--><!--F/--></h2><ul><li class><div class=""s-name""><!--F#f_3--><!--F#2-->Width<!--F/--><!--F/--></div><div class=""s-value""><!--F#f_3--><!--F#2-->26 mm<!--F/--><!--F/--></div></li></ul></div></section>","Product IdentifiersBrandFirst LineMPN1250279RMP, 3440948RMP, 8805265RMP, 6277538RMP, 1451264RMP, 1761662RMPGTIN5038068477163UPC5038068477163eBay Product ID (ePID)2205239649Product Key FeaturesPlacement on VehicleFrontReference OE/OEM NumberAKRON-MALÒ: 28463, BGA: BU9547, BLUE PRINT: ADG080271, BORG & BECK: BSK7430K, COMLINE: CRB3275, CSRM3100, SPIDAN: 411820, SWAG: 40937854, TOPRAN: 207949, VAICO: V40-1387, FEBI BILSTEIN: 37854, GENERAL MOTORS: 13281782, 350621, VAUXHALL: 13281782, 350621, VEMO: V40-1387, FSK7430K, METZGER: 52071808, MOOG: OP-SB-10794, OPEL: 0350621, 13281782, OPEL: 350621, QUINTON HAZELL: EMB7339, SIDEM: 809815, DELPHI: TD925W, FAI AutoParts: SS7960, SS7960KDimensionsWidth26 mm",https://www.ebay.co.uk/
5c3f42da-ae05-5b37-866d-a2aa3721cbb1,Ford Focus Mk3 1.0 Ball Joint Left 2012 on Suspension First Line Quality,https://www.ebay.co.uk/p/2205287817,"08/01/2021, 23:31:58",True,12.49,First Line,2181924RMP,5038068467737,GBP,eBay ~ Vehicle Parts & Accessories ~ Car Parts ~ Suspension & Steering ~ Ball Joints,https://i.ebayimg.com/images/g/jIAAAOSwvupg6dof/s-l640.jpg ~ https://i.ebayimg.com/images/g/eKQAAOSwVw9gioI~/s-l640.jpg,2205287817,"<section class=""product-spectification""><div class=""spec-row""><h2><!--F#f_3--><!--F#2-->Product Identifiers<!--F/--><!--F/--></h2><ul><li class><div class=""s-name""><!--F#f_3--><!--F#2-->Brand<!--F/--><!--F/--></div><div class=""s-value""><!--F#f_3--><!--F#2-->First Line<!--F/--><!--F/--></div></li><li class><div class=""s-name""><!--F#f_3--><!--F#2-->MPN<!--F/--><!--F/--></div><div class=""s-value""><!--F#f_3--><!--F#2-->2181924RMP, 7293276RMP, 6921723RMP, 6641234RMP, 6953150RMP, 6952885RMP<!--F/--><!--F/--></div></li><li class><div class=""s-name""><!--F#f_3--><!--F#2-->GTIN<!--F/--><!--F/--></div><div class=""s-value""><!--F#f_3--><!--F#2-->5038068467737<!--F/--><!--F/--></div></li><li class><div class=""s-name""><!--F#f_3--><!--F#2-->UPC<!--F/--><!--F/--></div><div class=""s-value""><!--F#f_3--><!--F#2-->5038068467737<!--F/--><!--F/--></div></li><li class><div class=""s-name""><!--F#f_3--><!--F#2-->eBay Product ID (ePID)<!--F/--><!--F/--></div><div class=""s-value""><!--F#f_3--><!--F#2-->2205287817<!--F/--><!--F/--></div></li></ul></div><div class=""spec-row""><h2><!--F#f_3--><!--F#2-->Product Key Features<!--F/--><!--F/--></h2><ul><li class><div class=""s-name""><!--F#f_3--><!--F#2-->Placement on Vehicle<!--F/--><!--F/--></div><div class=""s-value""><!--F#f_3--><!--F#2-->Left<!--F/--><!--F/--></div></li><li class><div class=""s-name""><!--F#f_3--><!--F#2-->Reference OE/OEM Number<!--F/--><!--F/--></div><div class=""s-value""><!--F#f_3--><!--F#2-->TRISCAN: 850016596, UNIPART: UGCGSJ6892, FBJ5640, FEBI BILSTEIN: 172890, KAGER: 88-0618, MEYLE: 7160100023, MONROE: L16596, MOOG: FD-BJ-12509, MOTAQUIP: LVSJ1234, BENDIX: 045732B, BETTAPARTS: BSJ3644S, BGA: SJ2321, EXCEL: EBJ5020, FAG: 825038510, FAI AutoParts: SS7458, NK: 5042529, OPTIMAL: G3-1044, QUINTON HAZELL: QSJ3644S, QSJ3644S, RTS: 93-90649-256, sbs: 19075042529, SIDEM: 3880, SPIDAN: 50623, BORG &amp; BECK: BBJ5640, COMLINE: CBJ5013, DELPHI: TC2827<!--F/--><!--F/--></div></li></ul></div></section>","Product IdentifiersBrandFirst LineMPN2181924RMP, 7293276RMP, 6921723RMP, 6641234RMP, 6953150RMP, 6952885RMPGTIN5038068467737UPC5038068467737eBay Product ID (ePID)2205287817Product Key FeaturesPlacement on VehicleLeftReference OE/OEM NumberTRISCAN: 850016596, UNIPART: UGCGSJ6892, FBJ5640, FEBI BILSTEIN: 172890, KAGER: 88-0618, MEYLE: 7160100023, MONROE: L16596, MOOG: FD-BJ-12509, MOTAQUIP: LVSJ1234, BENDIX: 045732B, BETTAPARTS: BSJ3644S, BGA: SJ2321, EXCEL: EBJ5020, FAG: 825038510, FAI AutoParts: SS7458, NK: 5042529, OPTIMAL: G3-1044, QUINTON HAZELL: QSJ3644S, QSJ3644S, RTS: 93-90649-256, sbs: 19075042529, SIDEM: 3880, SPIDAN: 50623, BORG & BECK: BBJ5640, COMLINE: CBJ5013, DELPHI: TC2827",https://www.ebay.co.uk/
501cc88c-27f7-5625-9655-8a4a1d01f872,Tie / Track Rod End Fits RENAULT MEGANE Ja0l 1.6 Right Outer 97 to 99 K7m720,https://www.ebay.co.uk/p/2205478067,"08/01/2021, 23:31:58",True,19.94,First Line,2166956RMP,5038068060426,GBP,"eBay ~ Vehicle Parts & Accessories ~ Car Parts ~ Suspension & Steering ~ Tie Rods, Linkages & Ends",https://i.ebayimg.com/images/g/rl4AAOSwI1pg6cUA/s-l640.jpg ~ https://i.ebayimg.com/images/g/cnMAAOSwKEVgfSu2/s-l640.jpg,2205478067,"<section class=""product-spectification""><div class=""spec-row""><h2><!--F#f_3--><!--F#2-->Product Identifiers<!--F/--><!--F/--></h2><ul><li class><div class=""s-name""><!--F#f_3--><!--F#2-->Brand<!--F/--><!--F/--></div><div class=""s-value""><!--F#f_3--><!--F#2-->First Line<!--F/--><!--F/--></div></li><li class><div class=""s-name""><!--F#f_3--><!--F#2-->MPN<!--F/--><!--F/--></div><div class=""s-value""><!--F#f_3--><!--F#2-->2166956RMP, 6682326RMP, 6323161RMP, 6452847RMP, 6372273RMP, 274022RMP, 2642537RMP, 2427281RMP, 6301800RMP, 7217637RMP<!--F/--><!--F/--></div></li><li class><div class=""s-name""><!--F#f_3--><!--F#2-->GTIN<!--F/--><!--F/--></div><div class=""s-value""><!--F#f_3--><!--F#2-->5038068060426<!--F/--><!--F/--></div></li><li class><div class=""s-name""><!--F#f_3--><!--F#2-->UPC<!--F/--><!--F/--></div><div class=""s-value""><!--F#f_3--><!--F#2-->5038068060426<!--F/--><!--F/--></div></li><li class><div class=""s-name""><!--F#f_3--><!--F#2-->eBay Product ID (ePID)<!--F/--><!--F/--></div><div class=""s-value""><!--F#f_3--><!--F#2-->2205478067<!--F/--><!--F/--></div></li></ul></div><div class=""spec-row""><h2><!--F#f_3--><!--F#2-->Product Key Features<!--F/--><!--F/--></h2><ul><li class><div class=""s-name""><!--F#f_3--><!--F#2-->Placement on Vehicle<!--F/--><!--F/--></div><div class=""s-value""><!--F#f_3--><!--F#2-->Right<!--F/--><!--F/--></div></li><li class><div class=""s-name""><!--F#f_3--><!--F#2-->Reference OE/OEM Number<!--F/--><!--F/--></div><div class=""s-value""><!--F#f_3--><!--F#2-->QUINTON HAZELL: QR2972S, QR9072, QR9072S, RENAULT: 6000022753, TRW: JTE449, UNIPART: GSJ1442, UGCGSJ1442, VECO: VB1410, RENAULT: 7701470766, 7701041312, 7701470766, RUVILLE: 915543, MOTAQUIP: LVTR400, SS518, VTR400, NK: 5033935, 5033939, BENDIX: 040665B, 040764B, BETTAPARTS: BBR2972S, BBR9072S, METZGER: 54033102, R-142, R-30, MEYLE: 16-160207054, 16160207054, FAI AutoParts: SS518, SS5262, FEBI BILSTEIN: 12422, FLENNOR: FL261-B, FL686-B, FRAP: 1544, GSF CAR PARTS: 436RE0200, LEMFÖRDER: 21190, 2119001, 299021190663, MAPCO: 19170, 19181, COMLINE: CTR2062, DELPHI: TA1590, EXCEL: ERE2972, FAG: 840087210, MGA: DR7476, MONROE: L25109, MOPROD: MTR2972, MTR2972S, OCAP: 283205, 293205, OPTIMAL: G1372, G1797, PEARL: PTR231, PEX: 12.02.127, 12.02.251, 1202127, QUINTON HAZELL: QR2972, RENAULT: 6000022753, 6000022753, 7701470766, 7700834571, VEMA: 16896, FTR4695, RUVILLE: 915549, SACHS: RE0603R, SPIDAN: 44899, 45909, SWAG: 60710009, TRISCAN: 850025113, TRW: 32-ES-7054, JTE293, BGA: SR7350, BIRTH: RD3205, BOGE: BRE0603R, BORG &amp; BECK: BTR4695<!--F/--><!--F/--></div></li><li class><div class=""s-name""><!--F#f_3--><!--F#2-->Type<!--F/--><!--F/--></div><div class=""s-value""><!--F#f_3--><!--F#2-->Tie Rod End<!--F/--><!--F/--></div></li></ul></div></section>","Product IdentifiersBrandFirst LineMPN2166956RMP, 6682326RMP, 6323161RMP, 6452847RMP, 6372273RMP, 274022RMP, 2642537RMP, 2427281RMP, 6301800RMP, 7217637RMPGTIN5038068060426UPC5038068060426eBay Product ID (ePID)2205478067Product Key FeaturesPlacement on VehicleRightReference OE/OEM NumberQUINTON HAZELL: QR2972S, QR9072, QR9072S, RENAULT: 6000022753, TRW: JTE449, UNIPART: GSJ1442, UGCGSJ1442, VECO: VB1410, RENAULT: 7701470766, 7701041312, 7701470766, RUVILLE: 915543, MOTAQUIP: LVTR400, SS518, VTR400, NK: 5033935, 5033939, BENDIX: 040665B, 040764B, BETTAPARTS: BBR2972S, BBR9072S, METZGER: 54033102, R-142, R-30, MEYLE: 16-160207054, 16160207054, FAI AutoParts: SS518, SS5262, FEBI BILSTEIN: 12422, FLENNOR: FL261-B, FL686-B, FRAP: 1544, GSF CAR PARTS: 436RE0200, LEMFÖRDER: 21190, 2119001, 299021190663, MAPCO: 19170, 19181, COMLINE: CTR2062, DELPHI: TA1590, EXCEL: ERE2972, FAG: 840087210, MGA: DR7476, MONROE: L25109, MOPROD: MTR2972, MTR2972S, OCAP: 283205, 293205, OPTIMAL: G1372, G1797, PEARL: PTR231, PEX: 12.02.127, 12.02.251, 1202127, QUINTON HAZELL: QR2972, RENAULT: 6000022753, 6000022753, 7701470766, 7700834571, VEMA: 16896, FTR4695, RUVILLE: 915549, SACHS: RE0603R, SPIDAN: 44899, 45909, SWAG: 60710009, TRISCAN: 850025113, TRW: 32-ES-7054, JTE293, BGA: SR7350, BIRTH: RD3205, BOGE: BRE0603R, BORG & BECK: BTR4695TypeTie Rod End",https://www.ebay.co.uk/
a620c2b9-d88e-53bf-9540-d09b5af7365a,Anti Roll Bar Link Fits MAZDA 2 DY 1.2 Front Left or Right 03 to 07 848110RMP,https://www.ebay.co.uk/p/2205131624,"08/01/2021, 23:31:58",True,10.97,First Line,848110RMP,5038068287779,GBP,eBay ~ Vehicle Parts & Accessories ~ Car Parts ~ Suspension & Steering ~ Anti-Roll/Sway Bars,https://i.ebayimg.com/images/g/0ykAAOSwjZ9g6iBX/s-l640.jpg ~ https://i.ebayimg.com/images/g/M4AAAOSwAsJgp0hD/s-l640.jpg,2205131624,"<section class=""product-spectification""><div class=""spec-row""><h2><!--F#f_3--><!--F#2-->Product Identifiers<!--F/--><!--F/--></h2><ul><li class><div class=""s-name""><!--F#f_3--><!--F#2-->Brand<!--F/--><!--F/--></div><div class=""s-value""><!--F#f_3--><!--F#2-->First Line<!--F/--><!--F/--></div></li><li class><div class=""s-name""><!--F#f_3--><!--F#2-->MPN<!--F/--><!--F/--></div><div class=""s-value""><!--F#f_3--><!--F#2-->848110RMP, 2871908RMP, 225423RMP, 3466586RMP, 4227816RMP<!--F/--><!--F/--></div></li><li class><div class=""s-name""><!--F#f_3--><!--F#2-->GTIN<!--F/--><!--F/--></div><div class=""s-value""><!--F#f_3--><!--F#2-->5038068287779<!--F/--><!--F/--></div></li><li class><div class=""s-name""><!--F#f_3--><!--F#2-->UPC<!--F/--><!--F/--></div><div class=""s-value""><!--F#f_3--><!--F#2-->5038068287779<!--F/--><!--F/--></div></li><li class><div class=""s-name""><!--F#f_3--><!--F#2-->eBay Product ID (ePID)<!--F/--><!--F/--></div><div class=""s-value""><!--F#f_3--><!--F#2-->2205131624<!--F/--><!--F/--></div></li></ul></div><div class=""spec-row""><h2><!--F#f_3--><!--F#2-->Product Key Features<!--F/--><!--F/--></h2><ul><li class><div class=""s-name""><!--F#f_3--><!--F#2-->Placement on Vehicle<!--F/--><!--F/--></div><div class=""s-value""><!--F#f_3--><!--F#2-->Right, Left, Front<!--F/--><!--F/--></div></li><li class><div class=""s-name""><!--F#f_3--><!--F#2-->Reference OE/OEM Number<!--F/--><!--F/--></div><div class=""s-value""><!--F#f_3--><!--F#2-->FDL6564, EXCEL: ELB1024, FAG: 818014610, FAHREN AUTOS: FAS4024, ASHIKA: 106-03-312, AUTOMEGA: 30101460150, BENDIX: 042935B, BLUE PRINT: ADM58531, BORG &amp; BECK: BDL6564, CAUTEX: 8.018, 80180, ORIGINAL IMPERIUM: 35692, PEARL: PLB283, PEX: 12.05.433, SOLID AUTO (UK): M242011, SPIDAN: 57236, SWAG: 50921021, FORD: 2S613B438AD, FORD USA: 2S613B438AC, 2S613B438AC, METZGER: FO-504K, MEYLE: 7160600017, 7160600017/HD, 7160600017/HD, TRISCAN: 850016604, 870016604, TRUPART: SSL6150, TRW: JTS428, SASIC: 9005003, sbs: 5112520, 5113228, SIDEM: 3161, QUINTON HAZELL: QLS3306, QLS3306S, RTS: 97-00698, RUVILLE: 915284, 555: SL-1750, AKRON-MALÒ: 19122, ALFRED HEYD: F12.41, FAI AutoParts: BLR002, BLR062, SS064, FEBI BILSTEIN: 21021, Omnicraft: JAMJ3B438LPAA, OPTIMAL: G7846, COMLINE: CSL7037, DEEZA: FO-L124, DELPHI: TC2047, DITAS: DSR1036, UNIPART: GSJ3865, VAICO: V25-7011, VECO: VB4313, VEMA: 23160, MEYLE: 7160600017HD, MGA: SA5178, MONROE: L16604, MOOG: FDLS2259, FORD USA: 2S613B438AD, 2S613B438AE, FRAP: 2405, HERTH+BUSS JAKOPARTS: J4963028, JAPANPARTS: SI312, JAPKO: 106312, KEY PARTS: KDL6564, LEMFÖRDER: 26004, 2600401, 2600402, FLENNOR: FL735-H, FORD: 1761200, 1146150, 1469212, 1761200, MAPCO: 19774, 19774HPS, MAZDA: DD32-34-170A, DD32-34-170B, NK: 5112520, OCAP: 503822, 504426, Omnicraft: 2394968, BETTAPARTS: BSL3306S, BGA: LS2301, BIRTH: BX0009, FORD: 2S61-3B438-AC, 2S61-3B438-AD, 2S61-3B438-AE, 2S613B438AC, JP GROUP: 1540400500, 1540400509, SS7135, KAVO PARTS: SLS-4502, TALOSA: 50-09159, 5009159, TOPRAN: 301, 301831, MOTAQUIP: VDL737, VSL737, NAPA: NST4024, NIPPARTS: J4963016, MAZDA: DD3234170, Metalcaucho: 4855, METZGER: 53021518, FO-504<!--F/--><!--F/--></div></li></ul></div><div class=""spec-row""><h2><!--F#f_3--><!--F#2-->Dimensions<!--F/--><!--F/--></h2><ul><li class><div class=""s-name""><!--F#f_3--><!--F#2-->Length<!--F/--><!--F/--></div><div class=""s-value""><!--F#f_3--><!--F#2-->284 mm<!--F/--><!--F/--></div></li></ul></div></section>","Product IdentifiersBrandFirst LineMPN848110RMP, 2871908RMP, 225423RMP, 3466586RMP, 4227816RMPGTIN5038068287779UPC5038068287779eBay Product ID (ePID)2205131624Product Key FeaturesPlacement on VehicleRight, Left, FrontReference OE/OEM NumberFDL6564, EXCEL: ELB1024, FAG: 818014610, FAHREN AUTOS: FAS4024, ASHIKA: 106-03-312, AUTOMEGA: 30101460150, BENDIX: 042935B, BLUE PRINT: ADM58531, BORG & BECK: BDL6564, CAUTEX: 8.018, 80180, ORIGINAL IMPERIUM: 35692, PEARL: PLB283, PEX: 12.05.433, SOLID AUTO (UK): M242011, SPIDAN: 57236, SWAG: 50921021, FORD: 2S613B438AD, FORD USA: 2S613B438AC, 2S613B438AC, METZGER: FO-504K, MEYLE: 7160600017, 7160600017/HD, 7160600017/HD, TRISCAN: 850016604, 870016604, TRUPART: SSL6150, TRW: JTS428, SASIC: 9005003, sbs: 5112520, 5113228, SIDEM: 3161, QUINTON HAZELL: QLS3306, QLS3306S, RTS: 97-00698, RUVILLE: 915284, 555: SL-1750, AKRON-MALÒ: 19122, ALFRED HEYD: F12.41, FAI AutoParts: BLR002, BLR062, SS064, FEBI BILSTEIN: 21021, Omnicraft: JAMJ3B438LPAA, OPTIMAL: G7846, COMLINE: CSL7037, DEEZA: FO-L124, DELPHI: TC2047, DITAS: DSR1036, UNIPART: GSJ3865, VAICO: V25-7011, VECO: VB4313, VEMA: 23160, MEYLE: 7160600017HD, MGA: SA5178, MONROE: L16604, MOOG: FDLS2259, FORD USA: 2S613B438AD, 2S613B438AE, FRAP: 2405, HERTH+BUSS JAKOPARTS: J4963028, JAPANPARTS: SI312, JAPKO: 106312, KEY PARTS: KDL6564, LEMFÖRDER: 26004, 2600401, 2600402, FLENNOR: FL735-H, FORD: 1761200, 1146150, 1469212, 1761200, MAPCO: 19774, 19774HPS, MAZDA: DD32-34-170A, DD32-34-170B, NK: 5112520, OCAP: 503822, 504426, Omnicraft: 2394968, BETTAPARTS: BSL3306S, BGA: LS2301, BIRTH: BX0009, FORD: 2S61-3B438-AC, 2S61-3B438-AD, 2S61-3B438-AE, 2S613B438AC, JP GROUP: 1540400500, 1540400509, SS7135, KAVO PARTS: SLS-4502, TALOSA: 50-09159, 5009159, TOPRAN: 301, 301831, MOTAQUIP: VDL737, VSL737, NAPA: NST4024, NIPPARTS: J4963016, MAZDA: DD3234170, Metalcaucho: 4855, METZGER: 53021518, FO-504DimensionsLength284 mm",https://www.ebay.co.uk/
8c495cb9-5a17-5a99-93b5-f65f3b542124,Shock Absorber (single Handed) Fits BMW 130 E81 3.0 Front Right 06 to 11 KYB,https://www.ebay.co.uk/p/2208579722,"08/01/2021, 23:31:58",True,79.69,KYB,,4909500659441,GBP,eBay ~ Vehicle Parts & Accessories ~ Car Parts ~ Suspension & Steering ~ Shock Absorbers/Dampers,https://i.ebayimg.com/images/g/PakAAOSwclNgk-pA/s-l640.jpg ~ https://i.ebayimg.com/images/g/vJ4AAOSwlc5gk-pA/s-l640.jpg ~ https://i.ebayimg.com/images/g/5VgAAOSwzOpgk-pA/s-l640.jpg,2208579722,"<section class=""product-spectification""><div class=""spec-row""><h2><!--F#f_3--><!--F#2-->Product Identifiers<!--F/--><!--F/--></h2><ul><li class><div class=""s-name""><!--F#f_3--><!--F#2-->Brand<!--F/--><!--F/--></div><div class=""s-value""><!--F#f_3--><!--F#2-->KYB<!--F/--><!--F/--></div></li><li class><div class=""s-name""><!--F#f_3--><!--F#2-->GTIN<!--F/--><!--F/--></div><div class=""s-value""><!--F#f_3--><!--F#2-->4909500659441<!--F/--><!--F/--></div></li><li class><div class=""s-name""><!--F#f_3--><!--F#2-->UPC<!--F/--><!--F/--></div><div class=""s-value""><!--F#f_3--><!--F#2-->4909500659441<!--F/--><!--F/--></div></li><li class><div class=""s-name""><!--F#f_3--><!--F#2-->eBay Product ID (ePID)<!--F/--><!--F/--></div><div class=""s-value""><!--F#f_3--><!--F#2-->2208579722<!--F/--><!--F/--></div></li></ul></div><div class=""spec-row""><h2><!--F#f_3--><!--F#2-->Product Key Features<!--F/--><!--F/--></h2><ul><li class><div class=""s-name""><!--F#f_3--><!--F#2-->Reference OE/OEM Number<!--F/--><!--F/--></div><div class=""s-value""><!--F#f_3--><!--F#2-->6771554 BMW, 6786018 BMW, 31316786018 BMW, BMW: 6786018, BOGE: 32-K79-A, MONROE: E7070, SACHS: 310983, 31316768916 BMW, BMW: 31316786018, 6768916, 6771178, 6771554, 6772918, 6783988, 6771178 BMW, 6772918 BMW, BILSTEIN: 22-144263, 22-144270, 22-152756, 22-152787, 31316771554 BMW, 31316783988 BMW, 31316771178 BMW, 6783988 BMW, BMW: 31316768916, 31316771178, 31316771554, 31316783988, 6768916 BMW<!--F/--><!--F/--></div></li><li class><div class=""s-name""><!--F#f_3--><!--F#2-->Placement on Vehicle<!--F/--><!--F/--></div><div class=""s-value""><!--F#f_3--><!--F#2-->Right, Front<!--F/--><!--F/--></div></li></ul></div></section>","Product IdentifiersBrandKYBGTIN4909500659441UPC4909500659441eBay Product ID (ePID)2208579722Product Key FeaturesReference OE/OEM Number6771554 BMW, 6786018 BMW, 31316786018 BMW, BMW: 6786018, BOGE: 32-K79-A, MONROE: E7070, SACHS: 310983, 31316768916 BMW, BMW: 31316786018, 6768916, 6771178, 6771554, 6772918, 6783988, 6771178 BMW, 6772918 BMW, BILSTEIN: 22-144263, 22-144270, 22-152756, 22-152787, 31316771554 BMW, 31316783988 BMW, 31316771178 BMW, 6783988 BMW, BMW: 31316768916, 31316771178, 31316771554, 31316783988, 6768916 BMWPlacement on VehicleRight, Front",https://www.ebay.co.uk/
3ba98fc5-70b5-5015-aca2-6b2f1ab9319c,Wheel Bearing Kit Fits CHRYSLER Neon Mk2 2.0 Front 01 to 06 FAG 05272448aa,https://www.ebay.co.uk/p/2208538293,"08/01/2021, 23:31:58",False,,FAG,4007710RMP,4014870017248,,eBay ~ Vehicle Parts & Accessories ~ Car Parts ~ Transmission & Drivetrain ~ Bearings,,2208538293,"<section class=""product-spectification""><div class=""spec-row""><h2><!--F#f_3--><!--F#2-->Product Identifiers<!--F/--><!--F/--></h2><ul><li class><div class=""s-name""><!--F#f_3--><!--F#2-->Brand<!--F/--><!--F/--></div><div class=""s-value""><!--F#f_3--><!--F#2-->FAG<!--F/--><!--F/--></div></li><li class><div class=""s-name""><!--F#f_3--><!--F#2-->MPN<!--F/--><!--F/--></div><div class=""s-value""><!--F#f_3--><!--F#2-->4007710RMP, 1045104RMP, 2953586RMP, 3619602RMP, 1696532RMP, 3266716RMP, 3237520RMP<!--F/--><!--F/--></div></li><li class><div class=""s-name""><!--F#f_3--><!--F#2-->GTIN<!--F/--><!--F/--></div><div class=""s-value""><!--F#f_3--><!--F#2-->4014870017248<!--F/--><!--F/--></div></li><li class><div class=""s-name""><!--F#f_3--><!--F#2-->UPC<!--F/--><!--F/--></div><div class=""s-value""><!--F#f_3--><!--F#2-->4014870017248<!--F/--><!--F/--></div></li><li class><div class=""s-name""><!--F#f_3--><!--F#2-->eBay Product ID (ePID)<!--F/--><!--F/--></div><div class=""s-value""><!--F#f_3--><!--F#2-->2208538293<!--F/--><!--F/--></div></li></ul></div><div class=""spec-row""><h2><!--F#f_3--><!--F#2-->Product Key Features<!--F/--><!--F/--></h2><ul><li class><div class=""s-name""><!--F#f_3--><!--F#2-->Placement on Vehicle<!--F/--><!--F/--></div><div class=""s-value""><!--F#f_3--><!--F#2-->Front<!--F/--><!--F/--></div></li><li class><div class=""s-name""><!--F#f_3--><!--F#2-->Reference OE/OEM Number<!--F/--><!--F/--></div><div class=""s-value""><!--F#f_3--><!--F#2-->TRIPLE FIVE: FD017261A0, 713670230, CHRYSLER: 05272448AA, 05272448AA, Omnicraft: 2466907, Omnicraft: KAMJ-1K018-FKAA, KAMJ1K018FKAA, RUVILLE: 8612, SKF: VKBA6591, VKBA6591, SNR: R186.08, R18608<!--F/--><!--F/--></div></li><li class><div class=""s-name""><!--F#f_3--><!--F#2-->Type<!--F/--><!--F/--></div><div class=""s-value""><!--F#f_3--><!--F#2-->Bearing Kit<!--F/--><!--F/--></div></li></ul></div><div class=""spec-row""><h2><!--F#f_3--><!--F#2-->Dimensions<!--F/--><!--F/--></h2><ul><li class><div class=""s-name""><!--F#f_3--><!--F#2-->Width<!--F/--><!--F/--></div><div class=""s-value""><!--F#f_3--><!--F#2-->39.00 mm<!--F/--><!--F/--></div></li></ul></div></section>","Product IdentifiersBrandFAGMPN4007710RMP, 1045104RMP, 2953586RMP, 3619602RMP, 1696532RMP, 3266716RMP, 3237520RMPGTIN4014870017248UPC4014870017248eBay Product ID (ePID)2208538293Product Key FeaturesPlacement on VehicleFrontReference OE/OEM NumberTRIPLE FIVE: FD017261A0, 713670230, CHRYSLER: 05272448AA, 05272448AA, Omnicraft: 2466907, Omnicraft: KAMJ-1K018-FKAA, KAMJ1K018FKAA, RUVILLE: 8612, SKF: VKBA6591, VKBA6591, SNR: R186.08, R18608TypeBearing KitDimensionsWidth39.00 mm",https://www.ebay.co.uk/
9bb959f2-89fa-5a7e-99fa-0ebab19ec62c,Anti Roll Bar Bush Fits PEUGEOT 308 SW 1.4 Front Left or Right 07 to 14 5094e0,https://www.ebay.co.uk/p/2208691404,"08/01/2021, 23:31:58",False,,febi bilstein,,4027816227151,,eBay ~ Vehicle Parts & Accessories ~ Car Parts ~ Suspension & Steering ~ Anti-Roll/Sway Bars,,2208691404,"<section class=""product-spectification""><div class=""spec-row""><h2><!--F#f_3--><!--F#2-->Product Identifiers<!--F/--><!--F/--></h2><ul><li class><div class=""s-name""><!--F#f_3--><!--F#2-->Brand<!--F/--><!--F/--></div><div class=""s-value""><!--F#f_3--><!--F#2-->febi bilstein<!--F/--><!--F/--></div></li><li class><div class=""s-name""><!--F#f_3--><!--F#2-->GTIN<!--F/--><!--F/--></div><div class=""s-value""><!--F#f_3--><!--F#2-->4027816227151<!--F/--><!--F/--></div></li><li class><div class=""s-name""><!--F#f_3--><!--F#2-->UPC<!--F/--><!--F/--></div><div class=""s-value""><!--F#f_3--><!--F#2-->4027816227151<!--F/--><!--F/--></div></li><li class><div class=""s-name""><!--F#f_3--><!--F#2-->eBay Product ID (ePID)<!--F/--><!--F/--></div><div class=""s-value""><!--F#f_3--><!--F#2-->2208691404<!--F/--><!--F/--></div></li></ul></div><div class=""spec-row""><h2><!--F#f_3--><!--F#2-->Product Key Features<!--F/--><!--F/--></h2><ul><li class><div class=""s-name""><!--F#f_3--><!--F#2-->Placement on Vehicle<!--F/--><!--F/--></div><div class=""s-value""><!--F#f_3--><!--F#2-->Left, Right, Front<!--F/--><!--F/--></div></li><li class><div class=""s-name""><!--F#f_3--><!--F#2-->Reference OE/OEM Number<!--F/--><!--F/--></div><div class=""s-value""><!--F#f_3--><!--F#2-->MOTAQUIP: LVSK1181K, OCAP: 1214173, OPTIMAL: F8-6594, TEDGUM: 00144623, TOPRAN: 720464, TRICLO: 781189, GOOM: SS-0039, GSP: 530846, HUTCHINSON: 590061, ORIGINAL IMPERIUM: 36350, PATRON: PSE20749, PEUGEOT: 5094.88, QUINTON HAZELL: EMB7084, EMBK2655, EMBK3068, RAPRO: R59731, PEUGEOT: 5094.E0, PROCODIS FRANCE: PCM084, QH Talbros: EMB7084, JP GROUP: 4140600900, KAMOKA: 8800130, KAWE: 850028838, MILES: DB16512, MONROE: L28838, MOOG: PE-SB-6781, 22715, SIDEM: 807809, 853821, SKF: VKDS353006, 3RG: 60246, 61240, A.B.S.: 270714, AKRON-MALÒ: 30082, LEMFÖRDER: 3749301, LYNXauto: C8151, MAPCO: 33367, CITROËN: 5094.E0, COGEFA France: 750.9488, DELPHI: TD984W, Metalcaucho: 04431, METZGER: 52064508, MEYLE: 11-146150014, ALANKO: 10342457, AUTOMEGA: 110146410, BGA: BU1442, BIRTH: 4948, TRISCAN: 850028838, UNIGOM: 391228, VAICO: V42-0461, VEMA: 54258, 5094.E0, STELLOX: 79-00079-SX, Storm: F4375, SWAG: 62922715, DIAMAX: B2050, DS: 5094.E0, FAG: 819013010, SPIDAN CHASSIS PARTS: 411517, 411664, STC: T404431, BORG &amp; BECK: BSK6260K, BSG: BSG70-700-097, CITROËN: 5094.88, FAI AutoParts: SS4486K, FARE SA: 4375, FIRST LINE: FSK6260K, REINHOCH: RH16-2008, RUVILLE: 985950, SASIC: 0945885<!--F/--><!--F/--></div></li></ul></div><div class=""spec-row""><h2><!--F#f_3--><!--F#2-->Dimensions<!--F/--><!--F/--></h2><ul><li class><div class=""s-name""><!--F#f_3--><!--F#2-->Height<!--F/--><!--F/--></div><div class=""s-value""><!--F#f_3--><!--F#2-->52<!--F/--><!--F/--></div></li><li class><div class=""s-name""><!--F#f_3--><!--F#2-->Width<!--F/--><!--F/--></div><div class=""s-value""><!--F#f_3--><!--F#2-->50<!--F/--><!--F/--></div></li><li class><div class=""s-name""><!--F#f_3--><!--F#2-->Weight<!--F/--><!--F/--></div><div class=""s-value""><!--F#f_3--><!--F#2-->0.080 kg<!--F/--><!--F/--></div></li><li class><div class=""s-name""><!--F#f_3--><!--F#2-->Length<!--F/--><!--F/--></div><div class=""s-value""><!--F#f_3--><!--F#2-->45<!--F/--><!--F/--></div></li></ul></div></section>","Product IdentifiersBrandfebi bilsteinGTIN4027816227151UPC4027816227151eBay Product ID (ePID)2208691404Product Key FeaturesPlacement on VehicleLeft, Right, FrontReference OE/OEM NumberMOTAQUIP: LVSK1181K, OCAP: 1214173, OPTIMAL: F8-6594, TEDGUM: 00144623, TOPRAN: 720464, TRICLO: 781189, GOOM: SS-0039, GSP: 530846, HUTCHINSON: 590061, ORIGINAL IMPERIUM: 36350, PATRON: PSE20749, PEUGEOT: 5094.88, QUINTON HAZELL: EMB7084, EMBK2655, EMBK3068, RAPRO: R59731, PEUGEOT: 5094.E0, PROCODIS FRANCE: PCM084, QH Talbros: EMB7084, JP GROUP: 4140600900, KAMOKA: 8800130, KAWE: 850028838, MILES: DB16512, MONROE: L28838, MOOG: PE-SB-6781, 22715, SIDEM: 807809, 853821, SKF: VKDS353006, 3RG: 60246, 61240, A.B.S.: 270714, AKRON-MALÒ: 30082, LEMFÖRDER: 3749301, LYNXauto: C8151, MAPCO: 33367, CITROËN: 5094.E0, COGEFA France: 750.9488, DELPHI: TD984W, Metalcaucho: 04431, METZGER: 52064508, MEYLE: 11-146150014, ALANKO: 10342457, AUTOMEGA: 110146410, BGA: BU1442, BIRTH: 4948, TRISCAN: 850028838, UNIGOM: 391228, VAICO: V42-0461, VEMA: 54258, 5094.E0, STELLOX: 79-00079-SX, Storm: F4375, SWAG: 62922715, DIAMAX: B2050, DS: 5094.E0, FAG: 819013010, SPIDAN CHASSIS PARTS: 411517, 411664, STC: T404431, BORG & BECK: BSK6260K, BSG: BSG70-700-097, CITROËN: 5094.88, FAI AutoParts: SS4486K, FARE SA: 4375, FIRST LINE: FSK6260K, REINHOCH: RH16-2008, RUVILLE: 985950, SASIC: 0945885DimensionsHeight52Width50Weight0.080 kgLength45",https://www.ebay.co.uk/
0ec064bc-51ef-56c6-b550-9aafa0aeada1,RENAULT Laguna Mk1 1.9d Wheel Bearing Kit Rear 98 to 01 2601780rmp Firstline,https://www.ebay.co.uk/p/2205865634,"08/01/2021, 23:31:58",True,27.66,First Line,201836RMP,5038068069030,GBP,eBay ~ Vehicle Parts & Accessories ~ Car Parts ~ Transmission & Drivetrain ~ Bearings,https://i.ebayimg.com/images/g/Vb8AAOSws~9g6eD9/s-l640.jpg ~ https://i.ebayimg.com/images/g/8IcAAOSwqJNg0psw/s-l640.jpg,2205865634,"<section class=""product-spectification""><div class=""spec-row""><h2><!--F#f_3--><!--F#2-->Product Identifiers<!--F/--><!--F/--></h2><ul><li class><div class=""s-name""><!--F#f_3--><!--F#2-->Brand<!--F/--><!--F/--></div><div class=""s-value""><!--F#f_3--><!--F#2-->First Line<!--F/--><!--F/--></div></li><li class><div class=""s-name""><!--F#f_3--><!--F#2-->MPN<!--F/--><!--F/--></div><div class=""s-value""><!--F#f_3--><!--F#2-->201836RMP, 2158409RMP, 2601780RMP, 4225432RMP, 2891591RMP<!--F/--><!--F/--></div></li><li class><div class=""s-name""><!--F#f_3--><!--F#2-->GTIN<!--F/--><!--F/--></div><div class=""s-value""><!--F#f_3--><!--F#2-->5038068069030<!--F/--><!--F/--></div></li><li class><div class=""s-name""><!--F#f_3--><!--F#2-->UPC<!--F/--><!--F/--></div><div class=""s-value""><!--F#f_3--><!--F#2-->5038068069030<!--F/--><!--F/--></div></li><li class><div class=""s-name""><!--F#f_3--><!--F#2-->eBay Product ID (ePID)<!--F/--><!--F/--></div><div class=""s-value""><!--F#f_3--><!--F#2-->2205865634<!--F/--><!--F/--></div></li></ul></div><div class=""spec-row""><h2><!--F#f_3--><!--F#2-->Product Key Features<!--F/--><!--F/--></h2><ul><li class><div class=""s-name""><!--F#f_3--><!--F#2-->Placement on Vehicle<!--F/--><!--F/--></div><div class=""s-value""><!--F#f_3--><!--F#2-->Rear<!--F/--><!--F/--></div></li><li class><div class=""s-name""><!--F#f_3--><!--F#2-->Reference OE/OEM Number<!--F/--><!--F/--></div><div class=""s-value""><!--F#f_3--><!--F#2-->MOTAQUIP: VBK679, NISSAN: 43210-00QAD, NK: 763924, SNR: R155.27, R15527, R15558, TRISCAN: 8530-25241, ASHIKA: 44-21-016, Automotive Bearings: ABK1026, BENDIX: 050268B, FBK309, TRUPART: TBK655, TBK786, UNIPART: GHK1389, GHK1658, VECO: VK489, RENAULT: 7701463987, 7703090365, RUVILLE: 5558, SKF: VKBA976, DELPHI: WBK579, FAG: 713630270, FAHREN AUTOS: FAR0033, GSP: GK0976, JAPANPARTS: KK21016, KEY PARTS: KWB309, FAI AutoParts: FWB1026, FWBK1060, FEBI BILSTEIN: 19897, QUINTON HAZELL: QWB560, QWB907, RENAULT: 7701463987, 7701205596, MEYLE: 16-147500018, MOOG: RE-WB-11494, MOPROD: BK626, BLUE PRINT: ADN18366, ADN18389, ADN18366, ADN18389, BRT Bearings: VWB114, CASTROL NORDICS: NHB0043, DELPHI: BK579, Omnicraft: JAMJ1A049BAAA, OPTIMAL: 702426, POWERPART: PTWB721, BORG &amp; BECK: BWK309, BRT Bearings: BRT1026, BRT1383, NWK114<!--F/--><!--F/--></div></li><li class><div class=""s-name""><!--F#f_3--><!--F#2-->Type<!--F/--><!--F/--></div><div class=""s-value""><!--F#f_3--><!--F#2-->Bearing Kit<!--F/--><!--F/--></div></li></ul></div><div class=""spec-row""><h2><!--F#f_3--><!--F#2-->Dimensions<!--F/--><!--F/--></h2><ul><li class><div class=""s-name""><!--F#f_3--><!--F#2-->Width<!--F/--><!--F/--></div><div class=""s-value""><!--F#f_3--><!--F#2-->43 mm<!--F/--><!--F/--></div></li></ul></div></section>","Product IdentifiersBrandFirst LineMPN201836RMP, 2158409RMP, 2601780RMP, 4225432RMP, 2891591RMPGTIN5038068069030UPC5038068069030eBay Product ID (ePID)2205865634Product Key FeaturesPlacement on VehicleRearReference OE/OEM NumberMOTAQUIP: VBK679, NISSAN: 43210-00QAD, NK: 763924, SNR: R155.27, R15527, R15558, TRISCAN: 8530-25241, ASHIKA: 44-21-016, Automotive Bearings: ABK1026, BENDIX: 050268B, FBK309, TRUPART: TBK655, TBK786, UNIPART: GHK1389, GHK1658, VECO: VK489, RENAULT: 7701463987, 7703090365, RUVILLE: 5558, SKF: VKBA976, DELPHI: WBK579, FAG: 713630270, FAHREN AUTOS: FAR0033, GSP: GK0976, JAPANPARTS: KK21016, KEY PARTS: KWB309, FAI AutoParts: FWB1026, FWBK1060, FEBI BILSTEIN: 19897, QUINTON HAZELL: QWB560, QWB907, RENAULT: 7701463987, 7701205596, MEYLE: 16-147500018, MOOG: RE-WB-11494, MOPROD: BK626, BLUE PRINT: ADN18366, ADN18389, ADN18366, ADN18389, BRT Bearings: VWB114, CASTROL NORDICS: NHB0043, DELPHI: BK579, Omnicraft: JAMJ1A049BAAA, OPTIMAL: 702426, POWERPART: PTWB721, BORG & BECK: BWK309, BRT Bearings: BRT1026, BRT1383, NWK114TypeBearing KitDimensionsWidth43 mm",https://www.ebay.co.uk/
0476cfb2-1c39-5e18-9495-a70add50dfcc,CV Joint Boot Kit Fits DACIA Logan Ls04 1.5d Front Inner Left 2010 on K9k892,https://www.ebay.co.uk/p/2209500264,"08/01/2021, 23:31:58",True,24.03,First Line,1350985RMP,5038068473783,GBP,eBay ~ Vehicle Parts & Accessories ~ Car Parts ~ Transmission & Drivetrain ~ CV Joints & Parts,https://i.ebayimg.com/images/g/-PEAAOSw~nJg6aVl/s-l640.jpg ~ https://i.ebayimg.com/images/g/bVYAAOSwDlFg0kSu/s-l640.jpg,2209500264,"<section class=""product-spectification""><div class=""spec-row""><h2><!--F#f_3--><!--F#2-->Product Identifiers<!--F/--><!--F/--></h2><ul><li class><div class=""s-name""><!--F#f_3--><!--F#2-->Brand<!--F/--><!--F/--></div><div class=""s-value""><!--F#f_3--><!--F#2-->First Line<!--F/--><!--F/--></div></li><li class><div class=""s-name""><!--F#f_3--><!--F#2-->MPN<!--F/--><!--F/--></div><div class=""s-value""><!--F#f_3--><!--F#2-->1350985RMP, 3924441RMP, 6896625RMP, 1930840RMP, 999891RMP, 1455258RMP, 2918680RMP, 7557937RMP<!--F/--><!--F/--></div></li><li class><div class=""s-name""><!--F#f_3--><!--F#2-->GTIN<!--F/--><!--F/--></div><div class=""s-value""><!--F#f_3--><!--F#2-->5038068473783<!--F/--><!--F/--></div></li><li class><div class=""s-name""><!--F#f_3--><!--F#2-->UPC<!--F/--><!--F/--></div><div class=""s-value""><!--F#f_3--><!--F#2-->5038068473783<!--F/--><!--F/--></div></li><li class><div class=""s-name""><!--F#f_3--><!--F#2-->eBay Product ID (ePID)<!--F/--><!--F/--></div><div class=""s-value""><!--F#f_3--><!--F#2-->2209500264<!--F/--><!--F/--></div></li></ul></div><div class=""spec-row""><h2><!--F#f_3--><!--F#2-->Product Key Features<!--F/--><!--F/--></h2><ul><li class><div class=""s-name""><!--F#f_3--><!--F#2-->Placement on Vehicle<!--F/--><!--F/--></div><div class=""s-value""><!--F#f_3--><!--F#2-->Left, Front<!--F/--><!--F/--></div></li><li class><div class=""s-name""><!--F#f_3--><!--F#2-->Reference OE/OEM Number<!--F/--><!--F/--></div><div class=""s-value""><!--F#f_3--><!--F#2-->FCB6327, AKRON-MALÒ: 180781, BIRTH: 7743, BORG &amp; BECK: BCB6327, Joint, GOMET: 552581, RENAULT: 7701473830, SKF: VKJP6001, SPIDAN: 304876<!--F/--><!--F/--></div></li></ul></div><div class=""spec-row""><h2><!--F#f_3--><!--F#2-->Dimensions<!--F/--><!--F/--></h2><ul><li class><div class=""s-name""><!--F#f_3--><!--F#2-->Length<!--F/--><!--F/--></div><div class=""s-value""><!--F#f_3--><!--F#2-->85 mm<!--F/--><!--F/--></div></li></ul></div></section>","Product IdentifiersBrandFirst LineMPN1350985RMP, 3924441RMP, 6896625RMP, 1930840RMP, 999891RMP, 1455258RMP, 2918680RMP, 7557937RMPGTIN5038068473783UPC5038068473783eBay Product ID (ePID)2209500264Product Key FeaturesPlacement on VehicleLeft, FrontReference OE/OEM NumberFCB6327, AKRON-MALÒ: 180781, BIRTH: 7743, BORG & BECK: BCB6327, Joint, GOMET: 552581, RENAULT: 7701473830, SKF: VKJP6001, SPIDAN: 304876DimensionsLength85 mm",https://www.ebay.co.uk/
09f544be-d877-5c01-a5ec-a5facd8ffc0a,Original Lamp for Acer A1200 A1500 P1502 Projectors,https://www.ebay.co.uk/p/2223847764,"08/01/2021, 23:31:59",True,129.8,Acer,MCJMV11001,4713392482687,GBP,"eBay ~ Sound & Vision ~ DVD, Blu-ray & Home Cinema ~ Projector Lamps & Components",https://i.ebayimg.com/images/g/kRoAAOSwMDhg5tUz/s-l640.jpg,2223847764,"<section class=""product-spectification""><div class=""spec-row""><h2><!--F#f_3--><!--F#2-->Product Identifiers<!--F/--><!--F/--></h2><ul><li class><div class=""s-name""><!--F#f_3--><!--F#2-->Brand<!--F/--><!--F/--></div><div class=""s-value""><!--F#f_3--><!--F#2-->Acer<!--F/--><!--F/--></div></li><li class><div class=""s-name""><!--F#f_3--><!--F#2-->MPN<!--F/--><!--F/--></div><div class=""s-value""><!--F#f_3--><!--F#2-->MCJMV11001<!--F/--><!--F/--></div></li><li class><div class=""s-name""><!--F#f_3--><!--F#2-->GTIN<!--F/--><!--F/--></div><div class=""s-value""><!--F#f_3--><!--F#2-->4713392482687<!--F/--><!--F/--></div></li><li class><div class=""s-name""><!--F#f_3--><!--F#2-->UPC<!--F/--><!--F/--></div><div class=""s-value""><!--F#f_3--><!--F#2-->4713392482687<!--F/--><!--F/--></div></li><li class><div class=""s-name""><!--F#f_3--><!--F#2-->eBay Product ID (ePID)<!--F/--><!--F/--></div><div class=""s-value""><!--F#f_3--><!--F#2-->2223847764<!--F/--><!--F/--></div></li></ul></div><div class=""spec-row""><h2><!--F#f_3--><!--F#2-->Product Key Features<!--F/--><!--F/--></h2><ul><li class><div class=""s-name""><!--F#f_3--><!--F#2-->Compatible Brand<!--F/--><!--F/--></div><div class=""s-value""><!--F#f_3--><!--F#2-->For Acer<!--F/--><!--F/--></div></li><li class><div class=""s-name""><!--F#f_3--><!--F#2-->Type<!--F/--><!--F/--></div><div class=""s-value""><!--F#f_3--><!--F#2-->Lamp<!--F/--><!--F/--></div></li></ul></div></section>",Product IdentifiersBrandAcerMPNMCJMV11001GTIN4713392482687UPC4713392482687eBay Product ID (ePID)2223847764Product Key FeaturesCompatible BrandFor AcerTypeLamp,https://www.ebay.co.uk/
324bb48a-bd25-562e-bf23-c643b72e3ca6,Brake Caliper Fits Jeep Patriot Mk74 2.0d Rear Left 07 to 17 ADL 05191267aa,https://www.ebay.co.uk/p/2209541005,"08/01/2021, 23:31:59",True,200.28,Blue Print,9284151RMP,5050063158731,GBP,eBay ~ Vehicle Parts & Accessories ~ Car Parts ~ Brakes & Brake Parts ~ Calipers & Parts,https://i.ebayimg.com/images/g/rx4AAOSwAe1g6Qru/s-l640.jpg ~ https://i.ebayimg.com/images/g/ZEEAAOSwydpg0khG/s-l640.jpg ~ https://i.ebayimg.com/images/g/Z1cAAOSwgeVg0khG/s-l640.jpg ~ https://i.ebayimg.com/images/g/UY0AAOSwpwxg0khG/s-l640.jpg,2209541005,"<section class=""product-spectification""><div class=""spec-row""><h2><!--F#f_3--><!--F#2-->Product Identifiers<!--F/--><!--F/--></h2><ul><li class><div class=""s-name""><!--F#f_3--><!--F#2-->Brand<!--F/--><!--F/--></div><div class=""s-value""><!--F#f_3--><!--F#2-->Blue Print<!--F/--><!--F/--></div></li><li class><div class=""s-name""><!--F#f_3--><!--F#2-->MPN<!--F/--><!--F/--></div><div class=""s-value""><!--F#f_3--><!--F#2-->9284151RMP, 9741513RMP, 7298363RMP, 9152928RMP, 8865649RMP, 9312746RMP, 9398341RMP, 3894614RMP, 4083218RMP, 1056456RMP, 8473207RMP, 9152002RMP, 9332342RMP, 8497277RMP, 7412159RMP, 10098469RMP<!--F/--><!--F/--></div></li><li class><div class=""s-name""><!--F#f_3--><!--F#2-->GTIN<!--F/--><!--F/--></div><div class=""s-value""><!--F#f_3--><!--F#2-->5050063158731<!--F/--><!--F/--></div></li><li class><div class=""s-name""><!--F#f_3--><!--F#2-->UPC<!--F/--><!--F/--></div><div class=""s-value""><!--F#f_3--><!--F#2-->5050063158731<!--F/--><!--F/--></div></li><li class><div class=""s-name""><!--F#f_3--><!--F#2-->eBay Product ID (ePID)<!--F/--><!--F/--></div><div class=""s-value""><!--F#f_3--><!--F#2-->2209541005<!--F/--><!--F/--></div></li></ul></div><div class=""spec-row""><h2><!--F#f_3--><!--F#2-->Product Key Features<!--F/--><!--F/--></h2><ul><li class><div class=""s-name""><!--F#f_3--><!--F#2-->Placement on Vehicle<!--F/--><!--F/--></div><div class=""s-value""><!--F#f_3--><!--F#2-->Left, Rear<!--F/--><!--F/--></div></li><li class><div class=""s-name""><!--F#f_3--><!--F#2-->Colour<!--F/--><!--F/--></div><div class=""s-value""><!--F#f_3--><!--F#2-->Blue<!--F/--><!--F/--></div></li><li class><div class=""s-name""><!--F#f_3--><!--F#2-->Reference OE/OEM Number<!--F/--><!--F/--></div><div class=""s-value""><!--F#f_3--><!--F#2-->SERA: 3165193, Shaftec: BC10981, SHAFTEC: BC10984, BC2279, GIRLING: 7113921, HELLA: 8AC355396-331, 4X4 ESTANFI: PDF-40-113, A.B.S.: 730451, AKEBONO: BS3-S3502-31D0, OPTIMAL: BC-1213L, OSSCA: 17440, 18925, PATRON: PBRC168, LYNXauto: BC-0073, BC-2057, BC-4052, BC-6067, MAXGEAR: 82-1145, BREMBO: F54114, BUDWEG CALIPER: 344332, CHRYSLER: 05191267AA, DELCO REMY: DC74332, DEPA: ET74332, DODGE: 05191267AA, 5191267AA, SNRA: 1165193, STELLOX: 05-90635-SX, TEXTAR: 38248300, CHRYSLER: 5191267AA, DA SILVA: ET9507, ET9707, TMI: BR006348, TRISCAN: 8170344332, TRW: BHN1186E, BHZ921E, DRI: 4115220, EAI: 2165193, ELSTOCK: 86-2125, JEEP: 05191267AA, 5191267AA, KAWE: 344332, LAUBER: 77.3933, Brake, EUROBRAKE: 53012130193, FENOX: CTC3503, FTE: RX359863A0, ASVA: MTBC-CYRL, ATI: E4332, AUTOFREN SEINSA: D41813C, MAXTECH: 6256002, 6456002, 6656002, MITSUBISHI: 4605A477, ERA Benelux: BC55042, ERT: 401765, ESEN SKV: 42SKV423, APEC braking: LCA743, ASHUKI by Palidium: C451-11NEW, PAL4-2814, NK: 2130193, NTY: HZT-CH-000, HZT-CH-018, HZT-MS-007, BENDIX: 593690, Brake Engineering: CA2799, CA3259, BRAXIS: AG1545, VEGE: 25904303, WXQP: G02879, ADC44588, RE-EX: 506-06348, REMSA: 9032591, REMY: DC74332, sbs: 13012130193, HELLA PAGID: 8AC355396-331, HERTH+BUSS JAKOPARTS: J3215056<!--F/--><!--F/--></div></li></ul></div><div class=""spec-row""><h2><!--F#f_3--><!--F#2-->Dimensions<!--F/--><!--F/--></h2><ul><li class><div class=""s-name""><!--F#f_3--><!--F#2-->Weight<!--F/--><!--F/--></div><div class=""s-value""><!--F#f_3--><!--F#2-->1.604 kg<!--F/--><!--F/--></div></li></ul></div></section>","Product IdentifiersBrandBlue PrintMPN9284151RMP, 9741513RMP, 7298363RMP, 9152928RMP, 8865649RMP, 9312746RMP, 9398341RMP, 3894614RMP, 4083218RMP, 1056456RMP, 8473207RMP, 9152002RMP, 9332342RMP, 8497277RMP, 7412159RMP, 10098469RMPGTIN5050063158731UPC5050063158731eBay Product ID (ePID)2209541005Product Key FeaturesPlacement on VehicleLeft, RearColourBlueReference OE/OEM NumberSERA: 3165193, Shaftec: BC10981, SHAFTEC: BC10984, BC2279, GIRLING: 7113921, HELLA: 8AC355396-331, 4X4 ESTANFI: PDF-40-113, A.B.S.: 730451, AKEBONO: BS3-S3502-31D0, OPTIMAL: BC-1213L, OSSCA: 17440, 18925, PATRON: PBRC168, LYNXauto: BC-0073, BC-2057, BC-4052, BC-6067, MAXGEAR: 82-1145, BREMBO: F54114, BUDWEG CALIPER: 344332, CHRYSLER: 05191267AA, DELCO REMY: DC74332, DEPA: ET74332, DODGE: 05191267AA, 5191267AA, SNRA: 1165193, STELLOX: 05-90635-SX, TEXTAR: 38248300, CHRYSLER: 5191267AA, DA SILVA: ET9507, ET9707, TMI: BR006348, TRISCAN: 8170344332, TRW: BHN1186E, BHZ921E, DRI: 4115220, EAI: 2165193, ELSTOCK: 86-2125, JEEP: 05191267AA, 5191267AA, KAWE: 344332, LAUBER: 77.3933, Brake, EUROBRAKE: 53012130193, FENOX: CTC3503, FTE: RX359863A0, ASVA: MTBC-CYRL, ATI: E4332, AUTOFREN SEINSA: D41813C, MAXTECH: 6256002, 6456002, 6656002, MITSUBISHI: 4605A477, ERA Benelux: BC55042, ERT: 401765, ESEN SKV: 42SKV423, APEC braking: LCA743, ASHUKI by Palidium: C451-11NEW, PAL4-2814, NK: 2130193, NTY: HZT-CH-000, HZT-CH-018, HZT-MS-007, BENDIX: 593690, Brake Engineering: CA2799, CA3259, BRAXIS: AG1545, VEGE: 25904303, WXQP: G02879, ADC44588, RE-EX: 506-06348, REMSA: 9032591, REMY: DC74332, sbs: 13012130193, HELLA PAGID: 8AC355396-331, HERTH+BUSS JAKOPARTS: J3215056DimensionsWeight1.604 kg",https://www.ebay.co.uk/
7f98355d-0a10-5dcd-bdc2-70c174fbd472,TYC Convex Heated Wing Side Mirror Glass O/s for PEUGEOT 2008 208 1607512280,https://www.ebay.co.uk/p/2212766185,"08/01/2021, 23:31:59",True,22.31,TYC,32601131,8717475098860,GBP,eBay ~ Vehicle Parts & Accessories ~ Car Parts ~ Exterior & Body Parts ~ Wing Mirrors & Accessories,https://i.ebayimg.com/images/g/TCMAAOSweotgAq7W/s-l640.jpg ~ https://i.ebayimg.com/images/g/32cAAOSwLjpgAq7W/s-l640.jpg,2212766185,"<section class=""product-spectification""><div class=""spec-row""><h2><!--F#f_3--><!--F#2-->Product Identifiers<!--F/--><!--F/--></h2><ul><li class><div class=""s-name""><!--F#f_3--><!--F#2-->Brand<!--F/--><!--F/--></div><div class=""s-value""><!--F#f_3--><!--F#2-->TYC<!--F/--><!--F/--></div></li><li class><div class=""s-name""><!--F#f_3--><!--F#2-->MPN<!--F/--><!--F/--></div><div class=""s-value""><!--F#f_3--><!--F#2-->32601131<!--F/--><!--F/--></div></li><li class><div class=""s-name""><!--F#f_3--><!--F#2-->GTIN<!--F/--><!--F/--></div><div class=""s-value""><!--F#f_3--><!--F#2-->8717475098860<!--F/--><!--F/--></div></li><li class><div class=""s-name""><!--F#f_3--><!--F#2-->UPC<!--F/--><!--F/--></div><div class=""s-value""><!--F#f_3--><!--F#2-->8717475098860<!--F/--><!--F/--></div></li><li class><div class=""s-name""><!--F#f_3--><!--F#2-->eBay Product ID (ePID)<!--F/--><!--F/--></div><div class=""s-value""><!--F#f_3--><!--F#2-->2212766185<!--F/--><!--F/--></div></li></ul></div><div class=""spec-row""><h2><!--F#f_3--><!--F#2-->Product Key Features<!--F/--><!--F/--></h2><ul><li class><div class=""s-name""><!--F#f_3--><!--F#2-->Wing Mirror Part Type<!--F/--><!--F/--></div><div class=""s-value""><!--F#f_3--><!--F#2-->Complete Wing Mirror<!--F/--><!--F/--></div></li><li class><div class=""s-name""><!--F#f_3--><!--F#2-->Placement on Vehicle<!--F/--><!--F/--></div><div class=""s-value""><!--F#f_3--><!--F#2-->Right<!--F/--><!--F/--></div></li><li class><div class=""s-name""><!--F#f_3--><!--F#2-->Paint Code<!--F/--><!--F/--></div><div class=""s-value""><!--F#f_3--><!--F#2-->heated, convex<!--F/--><!--F/--></div></li><li class><div class=""s-name""><!--F#f_3--><!--F#2-->Classic Car Part<!--F/--><!--F/--></div><div class=""s-value""><!--F#f_3--><!--F#2-->No<!--F/--><!--F/--></div></li><li class><div class=""s-name""><!--F#f_3--><!--F#2-->Reference OE/OEM Number<!--F/--><!--F/--></div><div class=""s-value""><!--F#f_3--><!--F#2-->9HK DV6ETEDM BHW DV6FE BHZ DV6FC BHY DV6FD NFP EC5 HNY EB2DTS, 9HD DV6C 5FS EP6C 5GR EP6FDTX 8HP DV4C ZMZ EB0 EP3C 8FS EP3, BHW DV6FE 5GP EP6FDTR AHW DW10FC 9HC DV6C BHZ DV6FC 5FV EP6CDT, CITROËN 1607512280, YHZ DV5RC EHZ DW10FC GGR EP6FADTX 5GT EP6FDTX 8HR DV4C HMZ EB2, 55023538 KLOKKERHOLM 55091042 55091044 55091062 LORO 2945G04, EP6CDT 5FV EP6DT 8HR DV4C 8HP DV4C 9HP DV6DTED 9HD DV6CTED, PEUGEOT 1610707780, HNS EB2ADTS HNY EB2DTS YHY DV5RD YHX DV5RC HMM EB2FAD HMP EB2FB, CITRO 1607512280 1610707780 PEUGE PRASCO PG3267513 WEZEL, TYC 326-0113-1, 5FA EP6CDT AHX DW10FD AHX DW10FCD 5FM EP6CDTM 5GN EP6FDTR, PEUGEOT 1607512280 PRASCO PG3267513 SPILU 12362 TYC 3260113, HNP EB2ADT BHY DV6FD 9HP DV6DTED 9HP DV6D 9HJ DV6DTEDM HMZ EB2F, ALKAR 6432296 BLIC 6102082002066P IPARLUX 31053402 JUMASA, CITROËN 1610707780, ZMZ EB0 HMZ EB2F 8FS EP3 EP3C 5FS EP6C 5FU EP6CDTX HNZ EB2DT, 5FU EP6CDTX 9HK DV6ETEDM 5GZ EP6FDT BHX DV6FC ALKAR 6432296, PEUGEOT 1607512280, SX CU CA CC LB LC HMU EB2FD HMU EB2D HNV EB2DTM HNZ EB2DT<!--F/--><!--F/--></div></li></ul></div></section>","Product IdentifiersBrandTYCMPN32601131GTIN8717475098860UPC8717475098860eBay Product ID (ePID)2212766185Product Key FeaturesWing Mirror Part TypeComplete Wing MirrorPlacement on VehicleRightPaint Codeheated, convexClassic Car PartNoReference OE/OEM Number9HK DV6ETEDM BHW DV6FE BHZ DV6FC BHY DV6FD NFP EC5 HNY EB2DTS, 9HD DV6C 5FS EP6C 5GR EP6FDTX 8HP DV4C ZMZ EB0 EP3C 8FS EP3, BHW DV6FE 5GP EP6FDTR AHW DW10FC 9HC DV6C BHZ DV6FC 5FV EP6CDT, CITROËN 1607512280, YHZ DV5RC EHZ DW10FC GGR EP6FADTX 5GT EP6FDTX 8HR DV4C HMZ EB2, 55023538 KLOKKERHOLM 55091042 55091044 55091062 LORO 2945G04, EP6CDT 5FV EP6DT 8HR DV4C 8HP DV4C 9HP DV6DTED 9HD DV6CTED, PEUGEOT 1610707780, HNS EB2ADTS HNY EB2DTS YHY DV5RD YHX DV5RC HMM EB2FAD HMP EB2FB, CITRO 1607512280 1610707780 PEUGE PRASCO PG3267513 WEZEL, TYC 326-0113-1, 5FA EP6CDT AHX DW10FD AHX DW10FCD 5FM EP6CDTM 5GN EP6FDTR, PEUGEOT 1607512280 PRASCO PG3267513 SPILU 12362 TYC 3260113, HNP EB2ADT BHY DV6FD 9HP DV6DTED 9HP DV6D 9HJ DV6DTEDM HMZ EB2F, ALKAR 6432296 BLIC 6102082002066P IPARLUX 31053402 JUMASA, CITROËN 1610707780, ZMZ EB0 HMZ EB2F 8FS EP3 EP3C 5FS EP6C 5FU EP6CDTX HNZ EB2DT, 5FU EP6CDTX 9HK DV6ETEDM 5GZ EP6FDT BHX DV6FC ALKAR 6432296, PEUGEOT 1607512280, SX CU CA CC LB LC HMU EB2FD HMU EB2D HNV EB2DTM HNZ EB2DT",https://www.ebay.co.uk/
3ad42ec0-c49a-5905-b72e-77e83cdd2762,Rear Anti Roll Bar Drop Link Blue Print Adt38588,https://www.ebay.co.uk/p/2211172559,"08/01/2021, 23:31:59",True,12.81,Blue Print,8652039RMP,5050063017564,GBP,eBay ~ Vehicle Parts & Accessories ~ Car Parts ~ Suspension & Steering ~ Anti-Roll/Sway Bars,https://i.ebayimg.com/images/g/sMcAAOSwOnRg6P5N/s-l640.jpg ~ https://i.ebayimg.com/images/g/NcAAAOSwLDRg6P5N/s-l640.jpg,2211172559,"<section class=""product-spectification""><div class=""spec-row""><h2><!--F#f_3--><!--F#2-->Product Identifiers<!--F/--><!--F/--></h2><ul><li class><div class=""s-name""><!--F#f_3--><!--F#2-->Brand<!--F/--><!--F/--></div><div class=""s-value""><!--F#f_3--><!--F#2-->Blue Print<!--F/--><!--F/--></div></li><li class><div class=""s-name""><!--F#f_3--><!--F#2-->MPN<!--F/--><!--F/--></div><div class=""s-value""><!--F#f_3--><!--F#2-->8652039RMP, 493567RMP, 3224656RMP, 478999RMP, 6205632RMP, 154539RMP<!--F/--><!--F/--></div></li><li class><div class=""s-name""><!--F#f_3--><!--F#2-->GTIN<!--F/--><!--F/--></div><div class=""s-value""><!--F#f_3--><!--F#2-->5050063017564<!--F/--><!--F/--></div></li><li class><div class=""s-name""><!--F#f_3--><!--F#2-->UPC<!--F/--><!--F/--></div><div class=""s-value""><!--F#f_3--><!--F#2-->5050063017564<!--F/--><!--F/--></div></li><li class><div class=""s-name""><!--F#f_3--><!--F#2-->eBay Product ID (ePID)<!--F/--><!--F/--></div><div class=""s-value""><!--F#f_3--><!--F#2-->2211172559<!--F/--><!--F/--></div></li></ul></div><div class=""spec-row""><h2><!--F#f_3--><!--F#2-->Product Key Features<!--F/--><!--F/--></h2><ul><li class><div class=""s-name""><!--F#f_3--><!--F#2-->Placement on Vehicle<!--F/--><!--F/--></div><div class=""s-value""><!--F#f_3--><!--F#2-->Rear, Right, Left<!--F/--><!--F/--></div></li><li class><div class=""s-name""><!--F#f_3--><!--F#2-->Reference OE/OEM Number<!--F/--><!--F/--></div><div class=""s-value""><!--F#f_3--><!--F#2-->MANDO: MSC015685, MAPCO: 51367, FEBI BILSTEIN: 42984, First Line: FDL6972, FLENNOR: FL0068-H, MEYLE: 30-160600004, MGA: SA5612, MILES: DB78085, MOTAQUIP: LVSL1428, NAPA: NST4105, NIPPARTS: N4892046, 4U Autoparts: F05521, 555: SL-T225, SL-T225-B, SL-T225-M, SL-T226, Comline: CSL7194, CORTECO: 49398792, CTR: CLT-115, CLT-95, DAKAtec: 120217, Delphi: TC2628, DENCKERMANN: D140387, Metalcaucho: 06965, METZGER: 53052919, 53069109, JAPANPARTS: SI-236, JAPKO: 106236, JIKIU: LS21225, AYD: 9617311, AYD OE - Excellence: 96-08408, BENDIX: 042645B, MASTER-SPORT GERMANY: 45368S-PCS-MS, 45368S-SET-MS, 555: SL-T226-B, SL-T226-M, A.B.S.: 260597, ACKOJA: A70-1216, MASUMA: ML-9034, MAXGEAR: 72-2972, MDR: MRP-2B03, MSS-8236, KAVO PARTS: SLS-9081, KAWE: 850013631, KLAXCAR FRANCE: 47673z, FAI AutoParts: BLR095, SS2875, FEBEST: 0123-ACA30R, JP GROUP: 4850500600, KAGER: 85-0798, KAMOKA: 9030152, DJ PARTS: DL1641, DODA: 1050070168, DYS: 30-87748, ESEN SKV: 04SKV544, ETS: 29.LB.353, FAG: 818041510, ADT38588, LEXUS: 48830-42022, LYNXauto: C7294LR, HERTH+BUSS JAKOPARTS: J4892061, IAP QUALITY PARTS: 509-17059, KRAFT AUTOMOTIVE: 4303957, 4303998, LEMFÖRDER: 3914501, MOBILAND: 127203470, MONROE: L13631, MOOG: TO-LS-6581, 48830-42020; 48830-42021; 48830-42022;, FORMPART: 4208037, GMB: 1001-0685, GSP: S050441, AISIN: JRSTO-014, ALANKO: 10341674, APlus: 19519AP, BGA: LS4401, BIRTH: BX5095, BORG &amp; BECK: BDL6972, CAUTEX: 750158, ASVA: 0123-ACA30R, AUTO-SPEED PARTS: 290RT01747, AYD: 9608408, MAGNETI MARELLI: 301191625540, 600000150860, MANDO: MSC015274, ASHIKA: 106-02-236, ASHUKI by Palidium: 1467-6402<!--F/--><!--F/--></div></li></ul></div><div class=""spec-row""><h2><!--F#f_3--><!--F#2-->Dimensions<!--F/--><!--F/--></h2><ul><li class><div class=""s-name""><!--F#f_3--><!--F#2-->Width<!--F/--><!--F/--></div><div class=""s-value""><!--F#f_3--><!--F#2-->9 mm<!--F/--><!--F/--></div></li><li class><div class=""s-name""><!--F#f_3--><!--F#2-->Weight<!--F/--><!--F/--></div><div class=""s-value""><!--F#f_3--><!--F#2-->0.250 kg<!--F/--><!--F/--></div></li><li class><div class=""s-name""><!--F#f_3--><!--F#2-->Length<!--F/--><!--F/--></div><div class=""s-value""><!--F#f_3--><!--F#2-->136 mm<!--F/--><!--F/--></div></li></ul></div></section>","Product IdentifiersBrandBlue PrintMPN8652039RMP, 493567RMP, 3224656RMP, 478999RMP, 6205632RMP, 154539RMPGTIN5050063017564UPC5050063017564eBay Product ID (ePID)2211172559Product Key FeaturesPlacement on VehicleRear, Right, LeftReference OE/OEM NumberMANDO: MSC015685, MAPCO: 51367, FEBI BILSTEIN: 42984, First Line: FDL6972, FLENNOR: FL0068-H, MEYLE: 30-160600004, MGA: SA5612, MILES: DB78085, MOTAQUIP: LVSL1428, NAPA: NST4105, NIPPARTS: N4892046, 4U Autoparts: F05521, 555: SL-T225, SL-T225-B, SL-T225-M, SL-T226, Comline: CSL7194, CORTECO: 49398792, CTR: CLT-115, CLT-95, DAKAtec: 120217, Delphi: TC2628, DENCKERMANN: D140387, Metalcaucho: 06965, METZGER: 53052919, 53069109, JAPANPARTS: SI-236, JAPKO: 106236, JIKIU: LS21225, AYD: 9617311, AYD OE - Excellence: 96-08408, BENDIX: 042645B, MASTER-SPORT GERMANY: 45368S-PCS-MS, 45368S-SET-MS, 555: SL-T226-B, SL-T226-M, A.B.S.: 260597, ACKOJA: A70-1216, MASUMA: ML-9034, MAXGEAR: 72-2972, MDR: MRP-2B03, MSS-8236, KAVO PARTS: SLS-9081, KAWE: 850013631, KLAXCAR FRANCE: 47673z, FAI AutoParts: BLR095, SS2875, FEBEST: 0123-ACA30R, JP GROUP: 4850500600, KAGER: 85-0798, KAMOKA: 9030152, DJ PARTS: DL1641, DODA: 1050070168, DYS: 30-87748, ESEN SKV: 04SKV544, ETS: 29.LB.353, FAG: 818041510, ADT38588, LEXUS: 48830-42022, LYNXauto: C7294LR, HERTH+BUSS JAKOPARTS: J4892061, IAP QUALITY PARTS: 509-17059, KRAFT AUTOMOTIVE: 4303957, 4303998, LEMFÖRDER: 3914501, MOBILAND: 127203470, MONROE: L13631, MOOG: TO-LS-6581, 48830-42020; 48830-42021; 48830-42022;, FORMPART: 4208037, GMB: 1001-0685, GSP: S050441, AISIN: JRSTO-014, ALANKO: 10341674, APlus: 19519AP, BGA: LS4401, BIRTH: BX5095, BORG & BECK: BDL6972, CAUTEX: 750158, ASVA: 0123-ACA30R, AUTO-SPEED PARTS: 290RT01747, AYD: 9608408, MAGNETI MARELLI: 301191625540, 600000150860, MANDO: MSC015274, ASHIKA: 106-02-236, ASHUKI by Palidium: 1467-6402DimensionsWidth9 mmWeight0.250 kgLength136 mm",https://www.ebay.co.uk/
39c27194-fb79-5c46-b0c8-e578e65a8434,Dual Mass Flywheel DMF Fits BMW 420 F36 2.0 14 to 17 N20b20b LuK 21207605403,https://www.ebay.co.uk/p/2213571272,"08/01/2021, 23:31:59",True,470.84,LuK,752484RMP,4005108906441,GBP,eBay ~ Vehicle Parts & Accessories ~ Car Parts ~ Transmission & Drivetrain ~ Flywheels & Flywheel Parts,https://i.ebayimg.com/images/g/IPwAAOSwHj9g6~BU/s-l640.jpg,2213571272,"<section class=""product-spectification""><div class=""spec-row""><h2><!--F#f_3--><!--F#2-->Product Identifiers<!--F/--><!--F/--></h2><ul><li class><div class=""s-name""><!--F#f_3--><!--F#2-->Brand<!--F/--><!--F/--></div><div class=""s-value""><!--F#f_3--><!--F#2-->LuK<!--F/--><!--F/--></div></li><li class><div class=""s-name""><!--F#f_3--><!--F#2-->MPN<!--F/--><!--F/--></div><div class=""s-value""><!--F#f_3--><!--F#2-->752484RMP, 755303RMP, 6762594RMP<!--F/--><!--F/--></div></li><li class><div class=""s-name""><!--F#f_3--><!--F#2-->GTIN<!--F/--><!--F/--></div><div class=""s-value""><!--F#f_3--><!--F#2-->4005108906441<!--F/--><!--F/--></div></li><li class><div class=""s-name""><!--F#f_3--><!--F#2-->UPC<!--F/--><!--F/--></div><div class=""s-value""><!--F#f_3--><!--F#2-->4005108906441<!--F/--><!--F/--></div></li><li class><div class=""s-name""><!--F#f_3--><!--F#2-->eBay Product ID (ePID)<!--F/--><!--F/--></div><div class=""s-value""><!--F#f_3--><!--F#2-->2213571272<!--F/--><!--F/--></div></li></ul></div><div class=""spec-row""><h2><!--F#f_3--><!--F#2-->Product Key Features<!--F/--><!--F/--></h2><ul><li class><div class=""s-name""><!--F#f_3--><!--F#2-->Reference OE/OEM Number<!--F/--><!--F/--></div><div class=""s-value""><!--F#f_3--><!--F#2-->21 20 7 605 403 BMW, TRIPLE FIVE: L-09024-0GX3-17, L090240GX300, L090240GX302, TRIPLE FIVE: L090240GX316, L090240GX317, 415059410, BMW: 7634767, 7638306, TRIPLE FIVE: 9024GX300, 9024GX302, 7605403 BMW, 21207634767 BMW, 7 638 306 BMW, 7638306 BMW, 7 605 403 BMW, BMW: 21207634767, 21207638306, 7605403, 7634767, 7638306, 7605403, 21 20 7 638 306 BMW, TRIPLE FIVE: 9024GX316, 9024GX300, 9024GX302, 9024GX316, 7 634 767 BMW, 21207605403 BMW, BMW: 21207605403, 21207634767, 21207638306, 21207605403, TRIPLE FIVE: L-09024-0GX3-00, L-09024-0GX3-02, L-09024-0GX3-16, 7634767 BMW, 21 20 7 634 767 BMW, 21207638306 BMW<!--F/--><!--F/--></div></li><li class><div class=""s-name""><!--F#f_3--><!--F#2-->Flywheel Part Type<!--F/--><!--F/--></div><div class=""s-value""><!--F#f_3--><!--F#2-->Flywheel<!--F/--><!--F/--></div></li></ul></div></section>","Product IdentifiersBrandLuKMPN752484RMP, 755303RMP, 6762594RMPGTIN4005108906441UPC4005108906441eBay Product ID (ePID)2213571272Product Key FeaturesReference OE/OEM Number21 20 7 605 403 BMW, TRIPLE FIVE: L-09024-0GX3-17, L090240GX300, L090240GX302, TRIPLE FIVE: L090240GX316, L090240GX317, 415059410, BMW: 7634767, 7638306, TRIPLE FIVE: 9024GX300, 9024GX302, 7605403 BMW, 21207634767 BMW, 7 638 306 BMW, 7638306 BMW, 7 605 403 BMW, BMW: 21207634767, 21207638306, 7605403, 7634767, 7638306, 7605403, 21 20 7 638 306 BMW, TRIPLE FIVE: 9024GX316, 9024GX300, 9024GX302, 9024GX316, 7 634 767 BMW, 21207605403 BMW, BMW: 21207605403, 21207634767, 21207638306, 21207605403, TRIPLE FIVE: L-09024-0GX3-00, L-09024-0GX3-02, L-09024-0GX3-16, 7634767 BMW, 21 20 7 634 767 BMW, 21207638306 BMWFlywheel Part TypeFlywheel",https://www.ebay.co.uk/
18624238-b426-5167-9c26-2f716b62b1cb,BMW 1 Series E88 Interior Trim Cover 6983118,https://www.ebay.co.uk/p/2226556977,"08/01/2021, 23:31:59",True,15.0,BMW,6983118,,GBP,eBay ~ Vehicle Parts & Accessories ~ Car Parts ~ Exterior & Body Parts ~ Other External/Body Parts,https://i.ebayimg.com/images/g/s5cAAOSwAKxWbtSg/s-l640.jpg ~ https://i.ebayimg.com/images/g/Qc0AAOSwxN5WbtSl/s-l640.jpg ~ https://i.ebayimg.com/images/g/yJUAAOSwfZ1WbtSq/s-l640.jpg,2226556977,"<section class=""product-spectification""><div class=""spec-row""><h2><!--F#f_3--><!--F#2-->Product Identifiers<!--F/--><!--F/--></h2><ul><li class><div class=""s-name""><!--F#f_3--><!--F#2-->Brand<!--F/--><!--F/--></div><div class=""s-value""><!--F#f_3--><!--F#2-->BMW<!--F/--><!--F/--></div></li><li class><div class=""s-name""><!--F#f_3--><!--F#2-->Manufacturer Part Number<!--F/--><!--F/--></div><div class=""s-value""><!--F#f_3--><!--F#2-->6983118<!--F/--><!--F/--></div></li><li class><div class=""s-name""><!--F#f_3--><!--F#2-->eBay Product ID (ePID)<!--F/--><!--F/--></div><div class=""s-value""><!--F#f_3--><!--F#2-->2226556977<!--F/--><!--F/--></div></li></ul></div><div class=""spec-row""><h2><!--F#f_3--><!--F#2-->Product Key Features<!--F/--><!--F/--></h2><ul><li class><div class=""s-name""><!--F#f_3--><!--F#2-->Placement on Vehicle<!--F/--><!--F/--></div><div class=""s-value""><!--F#f_3--><!--F#2-->Rear<!--F/--><!--F/--></div></li><li class><div class=""s-name""><!--F#f_3--><!--F#2-->Classic Car Part<!--F/--><!--F/--></div><div class=""s-value""><!--F#f_3--><!--F#2-->No<!--F/--><!--F/--></div></li><li class><div class=""s-name""><!--F#f_3--><!--F#2-->Reference OE/OEM Number<!--F/--><!--F/--></div><div class=""s-value""><!--F#f_3--><!--F#2-->6983118, 51466983118<!--F/--><!--F/--></div></li></ul></div></section>","Product IdentifiersBrandBMWManufacturer Part Number6983118eBay Product ID (ePID)2226556977Product Key FeaturesPlacement on VehicleRearClassic Car PartNoReference OE/OEM Number6983118, 51466983118",https://www.ebay.co.uk/
0cef5c41-d9c5-5741-8af1-933faadc9600,Head Gasket Ø 44 Aluminio P001000002705,https://www.ebay.co.uk/p/2226945804,"08/01/2021, 23:32:00",True,8.2,Artein,,6036031873393,GBP,eBay ~ Vehicle Parts & Accessories ~ Motorcycle Parts ~ Engines & Engine Parts ~ Oil Filters,,2226945804,"<section class=""product-spectification""><div class=""spec-row""><h2><!--F#f_3--><!--F#2-->Product Identifiers<!--F/--><!--F/--></h2><ul><li class><div class=""s-name""><!--F#f_3--><!--F#2-->Brand<!--F/--><!--F/--></div><div class=""s-value""><!--F#f_3--><!--F#2-->Artein<!--F/--><!--F/--></div></li><li class><div class=""s-name""><!--F#f_3--><!--F#2-->GTIN<!--F/--><!--F/--></div><div class=""s-value""><!--F#f_3--><!--F#2-->5285287468254, 5285285478699, 6096098012548, 6036036768380, 3893899016019, 6096095139682, 8608601496677, 6036037972137, 3893892253138, 5285287516863, 3893897667527, 6096098238078, 6096099530140, 3893898545985, 6096094394747, 3893892533841, 6096096956028, 3893892668314, 6096095598151, 5285287491146, 3893896865559, 6096091370102, 6036039424337, 6096097133930, 8608605534481, 6036031873393<!--F/--><!--F/--></div></li><li class><div class=""s-name""><!--F#f_3--><!--F#2-->UPC<!--F/--><!--F/--></div><div class=""s-value""><!--F#f_3--><!--F#2-->5285287468254, 5285285478699, 6096098012548, 6036036768380, 3893899016019, 6096095139682, 8608601496677, 6036037972137, 3893892253138, 5285287516863, 3893897667527, 6096098238078, 6096099530140, 3893898545985, 6096094394747, 3893892533841, 6096096956028, 3893892668314, 6096095598151, 5285287491146, 3893896865559, 6096091370102, 6036039424337, 6096097133930, 8608605534481, 6036031873393<!--F/--><!--F/--></div></li><li class><div class=""s-name""><!--F#f_3--><!--F#2-->eBay Product ID (ePID)<!--F/--><!--F/--></div><div class=""s-value""><!--F#f_3--><!--F#2-->2226945804<!--F/--><!--F/--></div></li></ul></div></section>","Product IdentifiersBrandArteinGTIN5285287468254, 5285285478699, 6096098012548, 6036036768380, 3893899016019, 6096095139682, 8608601496677, 6036037972137, 3893892253138, 5285287516863, 3893897667527, 6096098238078, 6096099530140, 3893898545985, 6096094394747, 3893892533841, 6096096956028, 3893892668314, 6096095598151, 5285287491146, 3893896865559, 6096091370102, 6036039424337, 6096097133930, 8608605534481, 6036031873393UPC5285287468254, 5285285478699, 6096098012548, 6036036768380, 3893899016019, 6096095139682, 8608601496677, 6036037972137, 3893892253138, 5285287516863, 3893897667527, 6096098238078, 6096099530140, 3893898545985, 6096094394747, 3893892533841, 6096096956028, 3893892668314, 6096095598151, 5285287491146, 3893896865559, 6096091370102, 6036039424337, 6096097133930, 8608605534481, 6036031873393eBay Product ID (ePID)2226945804",https://www.ebay.co.uk/
75fc8283-5eb2-57b9-8d70-f288f88b96e4,Bentley CONTINENTAL GT Rear Console Frame Panel 3W0863457E,https://www.ebay.co.uk/p/2226531025,"08/01/2021, 23:32:00",True,80.0,Bentley,3W0863457E,,GBP,eBay ~ Vehicle Parts & Accessories ~ Car Parts ~ Interior Parts & Furnishings ~ Centre Consoles & Dashboards,https://i.ebayimg.com/images/g/OnMAAOSwanxf9b9-/s-l640.jpg ~ https://i.ebayimg.com/images/g/rfgAAOSwNTBf9b-L/s-l640.jpg ~ https://i.ebayimg.com/images/g/2mQAAOSwsflf9b-Y/s-l640.jpg ~ https://i.ebayimg.com/images/g/w74AAOSwxsNfneR-/s-l640.jpg,2226531025,"<section class=""product-spectification""><div class=""spec-row""><h2><!--F#f_3--><!--F#2-->Product Identifiers<!--F/--><!--F/--></h2><ul><li class><div class=""s-name""><!--F#f_3--><!--F#2-->Brand<!--F/--><!--F/--></div><div class=""s-value""><!--F#f_3--><!--F#2-->Bentley<!--F/--><!--F/--></div></li><li class><div class=""s-name""><!--F#f_3--><!--F#2-->Manufacturer Part Number<!--F/--><!--F/--></div><div class=""s-value""><!--F#f_3--><!--F#2-->3W0863457E<!--F/--><!--F/--></div></li><li class><div class=""s-name""><!--F#f_3--><!--F#2-->eBay Product ID (ePID)<!--F/--><!--F/--></div><div class=""s-value""><!--F#f_3--><!--F#2-->2226531025<!--F/--><!--F/--></div></li></ul></div><div class=""spec-row""><h2><!--F#f_3--><!--F#2-->Product Key Features<!--F/--><!--F/--></h2><ul><li class><div class=""s-name""><!--F#f_3--><!--F#2-->Colour<!--F/--><!--F/--></div><div class=""s-value""><!--F#f_3--><!--F#2-->Black<!--F/--><!--F/--></div></li><li class><div class=""s-name""><!--F#f_3--><!--F#2-->Reference OE/OEM Number<!--F/--><!--F/--></div><div class=""s-value""><!--F#f_3--><!--F#2-->Console<!--F/--><!--F/--></div></li></ul></div></section>",Product IdentifiersBrandBentleyManufacturer Part Number3W0863457EeBay Product ID (ePID)2226531025Product Key FeaturesColourBlackReference OE/OEM NumberConsole,https://www.ebay.co.uk/
